Mã hàng,Tên hàng,0h,1h,2h,3h,4h,5h,6h,7h,8h,9h,10h,11h,12h,13h,14h,15h,16h,17h,18h,19h,20h,21h,22h,23h,Total
ITEM-X8FZ​,Full Topping - Trà Sữa Truyền Thống,0,0,0,0,0,0,0,0,0,4,31,78,56,109,146,106,69,51,76,73,70,42,0,0,911
ITEM-ISW6​,Full Pudding - Trà Sữa Truyền Thống,0,0,0,0,0,0,0,0,0,0,23,41,48,102,91,84,31,37,43,51,42,36,0,0,629
ITEM-BBGY​,TS Truyền thống L,0,0,0,0,0,0,0,0,0,1,42,71,129,114,147,88,142,81,90,94,101,47,0,0,1147
ITEM-NLV2​,Buffet Topping - Trà Truyền Thống,0,0,0,0,0,0,0,0,1,0,20,29,35,49,37,38,85,42,46,51,51,26,0,0,510
ITEM-L6CT​,Matcha Latte L,0,0,0,0,0,0,0,0,0,6,47,53,71,67,52,42,84,81,44,63,56,43,0,0,709
ITEM-NS6P​,TS Truyền thống M,0,0,0,0,0,0,0,0,1,4,22,66,99,190,167,112,105,95,76,129,113,44,1,0,1224
ITEM-2R9A​,TS Thái xanh M,0,0,0,0,0,0,0,0,0,3,14,47,52,93,114,62,89,46,33,59,48,28,1,0,689
ITEM-SG9B​,TS Thái xanh L,0,0,0,0,0,0,0,0,0,1,24,70,47,63,72,51,65,34,33,29,48,27,0,0,564
ITEM-LRKU​,Trân châu Đen,0,0,0,0,0,0,0,0,0,6,77,116,192,203,180,140,219,130,121,197,181,80,0,0,1842
ITEM-01F8​,TS Olong lài M,0,0,0,0,0,0,0,0,0,1,21,27,37,52,58,35,61,38,44,38,36,27,0,0,475
ITEM-9UTH​,Matcha Latte M,0,0,0,0,0,0,0,0,0,2,10,31,26,46,47,27,50,35,20,40,43,15,0,0,392
ITEM-NPYR​,Sữa tươi trân châu đường đen L,0,0,0,0,0,0,0,0,0,0,21,26,19,28,25,26,64,32,40,27,39,20,0,0,367
ITEM-FNM5​,TS Olong lài L,0,0,0,0,0,0,0,0,0,3,9,26,46,32,35,33,30,43,19,35,34,13,0,0,358
ITEM-SMGJ​,Sữa tươi trân châu đường đen M,0,0,0,0,0,0,0,0,0,4,8,35,13,34,35,34,61,25,17,35,24,14,0,0,339
ITEM-8MWV​,Thạch trà thái,0,0,0,0,0,0,0,0,0,1,19,72,60,92,125,70,59,39,43,42,38,27,0,0,687
ITEM-YHEH​,TS Socola L,0,0,0,0,0,0,0,0,0,1,26,17,18,17,22,16,29,21,21,37,19,10,0,0,254
ITEM-MN77​,Chân mèo,0,0,0,0,0,0,0,0,0,1,19,52,45,67,76,63,77,49,62,59,52,35,1,0,658
ITEM-CYVO​,TS Socola M,0,0,0,0,0,0,0,0,1,4,4,13,18,44,33,32,34,18,17,25,26,17,0,0,286
ITEM-HBKL​,Buffet Topping - Trà Vị Khác,0,0,0,0,0,0,0,0,0,0,5,15,21,11,7,11,26,7,11,14,18,6,0,0,152
ITEM-MVXN​,T.Lài dưa lưới L,0,0,0,0,0,0,0,0,0,0,12,21,19,35,17,8,23,16,13,20,16,17,0,0,217
ITEM-YDE7​,Cheese Ball,0,0,0,0,0,0,0,0,0,4,21,31,26,55,57,36,46,36,50,44,49,22,0,0,477
ITEM-GHJL​,Trân châu trắng 3Q,0,0,0,0,0,0,0,0,0,8,22,79,50,100,86,66,77,49,75,79,86,61,0,0,838
ITEM-U0N4​,Trân châu Olong,0,0,0,0,0,0,0,0,0,2,39,64,67,74,81,61,87,57,56,52,27,13,0,0,680
ITEM-SHZP​,Trà mãng cầu L,0,0,0,0,0,0,0,0,1,1,8,14,15,28,23,9,8,7,6,10,8,7,0,0,145
ITEM-FN6G​,T.Lài vải L,0,0,0,0,0,0,0,0,0,0,11,12,14,20,34,11,15,6,8,46,14,9,0,0,200
ITEM-GG7C​,T.Lài dưa lưới M,0,0,0,0,0,0,0,0,0,1,4,12,15,22,30,11,24,13,12,26,19,5,0,0,194
ITEM-RT6U​,T.Lài ổi hồng L,0,0,0,0,0,0,0,0,0,5,9,12,20,18,12,10,10,10,17,19,24,12,0,0,178
ITEM-BPPJ​,T.Lài đào L,0,0,0,0,0,0,0,0,0,2,13,13,17,16,26,11,18,15,6,17,16,8,0,0,178
ITEM-0SLU​,Phô mai viên,0,0,0,0,0,0,0,0,0,0,13,37,57,83,88,59,40,21,31,41,19,8,0,0,497
ITEM-G7MA​,TRÀ SỮA FULL TOPPINGS,0,0,0,0,0,0,0,0,0,0,0,11,11,22,29,16,15,9,14,14,13,4,0,0,158
ITEM-HBJ0​,T.Lài dâu L,0,0,0,0,0,0,0,0,0,2,2,11,8,18,10,8,13,10,7,19,10,7,0,0,125
ITEM-X3V4​,T.Lài dâu M,0,0,0,0,0,0,0,0,0,0,3,8,7,16,23,14,14,5,14,13,17,10,0,0,144
ITEM-0P13​,T.Lài ổi hồng M,0,0,0,0,0,0,0,0,0,0,7,15,20,22,25,12,15,7,11,17,17,10,0,0,178
ITEM-XJ5X​,Kem trứng nướng,0,0,0,0,0,0,0,0,0,2,22,32,37,42,50,44,62,57,40,60,54,27,0,0,529
ITEM-NPUD​,Trà mãng cầu M,0,0,0,0,0,0,0,0,0,2,3,10,12,19,22,10,3,7,13,9,6,6,1,0,123
ITEM-P0GG​,T.Lài vải M,0,0,0,0,0,0,0,0,0,2,33,10,10,18,21,11,8,3,14,18,10,8,0,0,166
ITEM-OIYG​,Kem phô mai mặn,0,0,0,0,0,0,0,0,0,0,6,25,27,53,73,52,40,25,37,32,35,14,0,0,419
ITEM-2PIN​,T.Lài tắc thạch trái cây L,0,0,0,0,0,0,0,0,0,0,11,13,15,24,28,10,13,8,9,13,12,9,0,0,165
ITEM-LGAE​,TRÀ SỮA FULL PUDDING,0,0,0,0,0,0,0,0,0,0,1,7,11,14,22,10,2,3,6,15,17,4,0,0,112
ITEM-Y8YM​,Trà Sữa Buffet Topping,0,0,0,0,0,0,0,0,0,0,4,6,1,6,6,5,11,9,9,12,12,5,0,0,86
ITEM-LA3Z​,Phô mai Jerry,0,0,0,0,0,0,0,0,0,2,24,37,39,34,42,40,69,36,22,32,42,25,0,0,444
ITEM-0QTY​,TS Thái đỏ L,0,0,0,0,0,0,0,0,0,1,7,19,14,18,7,16,24,17,5,15,18,10,0,0,171
ITEM-K2WA​,T.Lài xí muội L,0,0,0,0,0,0,0,0,0,1,9,10,9,13,13,2,11,8,10,16,15,5,0,0,122
ITEM-TWVO​,T.Lài đào M,0,0,0,0,0,0,0,0,1,3,4,12,13,14,17,11,14,6,6,13,17,6,0,0,137
ITEM-604V​,T.Lài tắc thạch trái cây M,0,0,0,0,0,0,0,0,0,0,5,9,15,22,23,15,12,5,7,20,6,9,0,0,148
ITEM-X318​,Kem sữa phô mai,0,0,0,0,0,0,0,0,0,1,7,17,24,30,36,20,27,20,20,26,23,15,0,0,266
ITEM-2H61​,Siêu cute nhân sốt chảy S,0,0,0,0,0,0,0,0,0,1,5,18,22,19,19,28,30,16,19,23,26,18,0,0,244
ITEM-Q2Y9​,Khúc bạch tầng,0,0,0,0,0,0,0,0,0,2,14,31,23,24,41,26,23,20,27,25,27,16,0,0,299
ITEM-4VR7​,Sữa tươi socola trân châu đường đen M,0,0,0,0,0,0,0,0,0,0,7,5,8,6,10,6,34,6,9,12,12,3,0,0,118
ITEM-23Z2​,TS Thái đỏ M,0,0,0,0,0,0,0,0,0,1,4,6,5,13,20,15,21,11,13,13,16,8,0,0,146
ITEM-QG88​,Full Pudding - Trà Sữa Thái Xanh,0,0,0,0,0,0,0,0,0,0,0,4,4,10,5,5,3,4,6,8,8,4,0,0,61
ITEM-1DLS​,Full Pudding - Trà Sữa Sô Cô La,0,0,0,0,0,0,0,0,0,0,2,2,4,3,8,10,4,6,5,8,4,3,0,0,59
ITEM-I3WZ​,Nước mắt nàng tiên cá,0,0,0,0,0,0,0,0,0,2,10,24,20,52,23,19,24,13,15,13,24,16,1,0,256
ITEM-ZTEE​,Sữa tươi socola trân châu đường đen L,0,0,0,0,0,0,0,0,0,0,4,8,6,10,10,10,16,5,4,8,6,9,0,0,96
ITEM-DU3A​,TS Truyền thống L,0,0,0,0,0,0,0,0,0,0,1,9,6,27,29,20,4,3,5,8,13,5,0,0,130
ITEM-ARXG​,Thạch ngọc trai phô mai,0,0,0,0,0,0,0,0,0,2,11,22,22,19,24,28,24,17,18,27,15,19,0,0,248
ITEM-4V4W​,Full Topping - Trà Lài Sữa,0,0,0,0,0,0,0,0,0,0,3,3,9,7,5,5,10,3,4,4,2,1,0,0,56
ITEM-66OB​,Full Pudding - Trà Lài Sữa,0,0,0,0,0,0,0,0,0,0,0,5,6,9,1,4,1,4,4,10,4,4,0,0,52
ITEM-2NSL​,Siêu cute nhân sốt chảy L,0,0,0,0,0,0,0,0,0,2,5,7,10,14,11,13,14,8,10,15,13,4,0,0,126
ITEM-H8MU​,T.Lài xí muội M,0,0,0,0,0,0,0,0,0,1,3,4,7,8,17,4,6,2,4,14,11,7,0,0,88
ITEM-KXXR​,TS Choco mint L,0,0,0,0,0,0,0,0,0,0,5,2,9,7,14,6,9,9,4,11,5,3,0,0,84
ITEM-RCA5​,Full Topping - Trà Sữa Thái Xanh,0,0,0,0,0,0,0,0,0,0,1,3,3,9,1,5,8,4,3,4,7,3,0,0,51
ITEM-5OI8​,Full Topping - Trà Sữa Sô Cô La,0,0,0,0,0,0,0,0,0,0,2,2,5,7,5,2,2,4,8,2,7,5,0,0,51
ITEM-RE5H​,TS Matcha L,0,0,0,0,0,0,0,0,0,0,1,3,4,5,13,8,8,4,8,6,4,1,0,0,65
ITEM-CFC7​,TS Matcha M,0,0,0,0,0,0,0,0,0,2,2,3,5,7,7,9,11,4,7,10,7,2,0,0,76
ITEM-UQ5C​,Upsize L,0,0,0,0,0,0,0,0,1,3,65,50,48,28,27,24,88,43,36,49,45,33,1,0,541
ITEM-ZBV3​,Sương Sáo,0,0,0,0,0,0,0,0,0,3,10,17,42,68,52,28,30,19,11,33,31,13,0,0,357
ITEM-AKWW​,Jelly Caphe Phômai,0,0,0,0,0,0,0,0,0,0,5,15,14,36,40,27,19,18,20,20,23,15,1,0,253
ITEM-0V4G​,TS Truyền thống M,0,0,0,0,0,0,0,0,0,0,1,11,6,24,29,4,1,6,8,20,17,4,0,0,131
ITEM-W40S​,Pudding trứng,0,0,0,0,0,0,0,0,0,4,4,19,20,24,25,25,25,20,27,15,27,21,0,0,256
ITEM-U2JZ​,Pudding phô mai,0,0,0,0,0,0,0,0,0,1,2,12,14,10,14,18,20,14,21,21,26,15,0,0,188
ITEM-0DXF​,Full Pudding - Trà Sữa Thái Đỏ,0,0,0,0,0,0,0,0,0,0,1,2,5,8,8,4,0,1,1,4,2,5,0,0,41
ITEM_N5JT​,Cheese ball,0,0,0,0,0,0,0,0,0,0,2,14,11,28,26,12,9,12,20,24,23,8,0,0,189
ITEM-NGJV​,BQ Sốt Kem Phô Mai Mặn,0,0,0,0,0,0,0,0,0,0,6,3,2,2,7,1,8,3,1,4,11,6,0,0,54
ITEM-35S8​,Donut nhân sốt chảy,0,0,0,0,0,0,0,0,0,0,2,9,3,4,11,14,12,5,11,10,7,3,0,0,91
ITEM-A5VU​,TS Thái xanh L,0,0,0,0,0,0,0,0,0,0,1,6,10,13,18,5,6,7,5,7,5,2,0,0,85
ITEM-2GIC​,TS Choco mint M,0,0,0,0,0,0,0,0,0,0,2,6,8,3,4,6,8,5,5,7,8,3,0,0,65
ITEM-XLSG​,Khúc bạch chân mèo,0,0,0,0,0,0,0,0,0,0,9,13,9,35,19,14,21,6,14,16,19,8,0,0,183
ITEM-Y5GO​,TS Truyền thống trân châu đường đen M,0,0,0,0,0,0,0,0,0,0,5,3,2,2,1,11,2,4,6,18,6,4,0,0,64
ITEM-QN01​,Pudding socola,0,0,0,0,0,0,0,0,0,2,5,13,14,21,30,14,10,13,22,20,12,7,0,0,183
ITEM-ECGR​,Hoa Lài Dưa Lưới L,0,0,0,0,0,0,0,0,0,0,0,4,2,9,10,6,1,2,4,1,7,1,0,0,47
ITEM-JXY6​,Full Topping - Trà Sữa Matcha,0,0,0,0,0,0,0,0,0,0,1,1,1,7,3,3,0,2,2,4,5,2,0,0,31
ITEM-C600​,Sữa tươi trân châu đường đen M,0,0,0,0,0,0,0,0,0,0,2,2,4,10,8,4,2,5,1,11,5,4,0,0,58
ITEM-6NE6​,Trà Sữa Espresso,0,0,0,0,0,0,0,0,0,0,2,3,4,8,7,2,0,1,1,0,2,1,0,0,31
ITEM-O5CN​,Trân châu caramel,0,0,0,0,0,0,0,0,0,1,3,12,20,15,17,28,15,19,9,20,18,8,0,0,185
ITEM-1UMO​,Olong lài sữa trân châu olong L,0,0,0,0,0,0,0,0,0,0,0,1,6,7,6,6,1,3,3,3,3,0,0,0,39
ITEM-X1VV​,TS Truyền thống trân châu đường đen L,0,0,0,0,0,0,0,0,0,0,0,2,5,8,2,2,3,0,1,5,12,5,0,0,45
ITEM-SHKT​,Trân châu mật ong,0,0,0,0,0,0,0,0,0,3,5,9,16,15,21,18,11,15,8,12,11,6,0,0,150
ITEM_RBGP​,Phô mai viên,0,0,0,0,0,0,0,0,0,0,2,8,19,26,24,18,5,5,7,18,5,0,0,0,137
ITEM-9OLM​,Full Topping - Trà Sữa Thái Đỏ,0,0,0,0,0,0,0,0,0,0,1,18,0,5,5,2,2,0,0,2,3,2,0,0,40
ITEM-N00V​,TRÀ SỮA GẠO RANG M,0,0,0,0,0,0,0,0,0,0,7,6,5,10,3,4,2,1,4,4,3,0,0,0,49
ITEM-LEZM​,Full Pudding - Trà Matcha,0,0,0,0,0,0,0,0,0,0,0,2,1,3,5,3,1,4,3,1,2,0,0,0,25
ITEM-OANQ​,Buffet Topping 0 Đá - Trà Truyền Thống,0,0,0,0,0,0,0,0,0,0,1,0,4,1,1,1,2,2,0,2,4,4,0,0,22
ITEM-D1ZS​,Sữa tươi trân châu đường đen L,0,0,0,0,0,0,0,0,0,0,0,1,5,5,7,3,2,3,2,3,9,1,0,0,41
ITEM-826C​,Trà ổi hồng L,0,0,0,0,0,0,0,0,0,0,0,2,3,3,5,3,3,2,3,6,3,3,0,0,36
ITEM-FNAH​,Trân châu đường đen,0,0,0,0,0,0,0,0,0,0,2,11,10,26,28,11,10,10,20,24,15,7,0,0,174
ITEM-0KNS​,Olong lài sữa trân châu olong M,0,0,0,0,0,0,0,0,0,0,0,5,1,9,6,2,1,3,4,4,1,0,0,0,36
ITEM-19BN​,BQ Sốt Kem Sữa Phô Mai,0,0,0,0,0,0,0,0,0,0,2,4,0,3,1,2,4,3,4,3,7,3,0,0,36
ITEM-ZSEE​,TS Thái xanh M,0,0,0,0,0,0,0,0,0,0,1,9,4,13,13,8,3,1,9,1,7,2,0,0,71
ITEM-GCXC​,Kem dừa nướng,0,0,0,0,0,0,0,0,0,0,0,7,13,15,15,17,9,4,10,9,13,5,1,0,118
ITEM_GQ0H​,Trà mãng cầu L,0,0,0,0,0,0,0,0,0,0,1,1,4,6,0,3,3,0,2,3,2,2,0,0,27
ITEM-H9D3​,Thạch cafe,0,0,0,0,0,0,0,0,0,0,3,9,8,17,18,10,10,14,8,13,2,7,0,0,119
ITEM_L7GE​,Thạch trà thái,0,0,0,0,0,0,0,0,0,0,1,13,11,20,30,11,5,7,12,6,11,3,0,0,130
ITEM_0H4H​,Trà Dâu L,0,0,0,0,0,0,0,0,0,0,0,4,1,2,6,2,0,2,3,5,0,2,0,0,27
ITEM-4XM4​,Buffet Topping 0 Đá - Trà Vị Khác,0,0,0,0,0,0,0,0,0,0,1,3,1,3,0,0,2,7,0,0,0,0,0,0,17
ITEM-YSZL​,Trân châu trắng 3Q,0,0,0,0,0,0,0,0,0,0,1,8,3,12,15,6,16,9,4,18,17,8,0,0,117
ITEM_J4KN​,Donut,0,0,0,0,0,0,0,0,0,0,2,3,6,5,6,9,4,9,4,3,2,5,0,0,58
ITEM-RKM9​,Pudding dưa lưới,0,0,0,0,0,0,0,0,0,0,1,6,13,8,16,6,13,13,4,13,8,9,0,0,110
ITEM_G8XF​,Olong sữa Matcha M,0,0,0,0,0,0,0,0,0,0,0,1,5,3,4,6,4,0,3,2,7,2,0,0,37
ITEM-FMFT​,Hoa Lài Đào L,0,0,0,0,0,0,0,0,0,0,3,0,4,0,4,1,1,1,2,5,4,3,0,0,28
ITEM-EC67​,Trà ổi hồng M,0,0,0,0,0,0,0,0,0,0,2,4,3,5,4,3,3,1,5,3,0,0,0,0,33
ITEM_ARCF​,Olong sữa Matcha L,0,0,0,0,0,0,0,0,0,0,3,1,3,8,3,3,3,0,1,0,3,0,0,0,28
ITEM_53N1​,Trà mãng cầu M,0,0,0,0,0,0,0,0,0,0,3,1,0,5,7,3,1,0,0,4,0,0,0,0,24
ITEM-E4ES​,Thạch đào,0,0,0,0,0,0,0,0,0,2,4,5,12,6,10,6,8,8,9,9,4,2,0,0,85
ITEM-V121​,Olong Sữa L,0,0,0,0,0,0,0,0,0,0,1,3,8,2,3,3,0,2,2,0,2,1,0,0,27
ITEM-3MIP​,Olong sữa trân châu olong M,0,0,0,0,0,0,0,0,0,0,2,0,0,6,8,1,2,0,1,3,2,0,0,0,25
ITEM_QLMS​,Donut,0,0,0,0,0,0,0,0,0,0,3,4,5,8,11,3,5,1,6,6,4,1,0,0,57
ITEM-8UT5​,Matcha Tàu hủ,0,0,0,0,0,0,0,0,0,2,0,3,4,2,2,2,2,0,0,0,2,1,0,0,20
ITEM-38NG​,Pudding khoai môn,0,0,0,0,0,0,0,0,0,1,2,12,8,10,12,6,9,6,4,5,8,9,0,0,92
ITEM-G0N0​,TS Khoai môn L,0,0,0,0,0,0,0,0,0,0,2,2,0,4,11,3,5,0,1,5,2,1,0,0,36
ITEM-5IGW​,Coffee Latte Size M,0,0,0,0,0,0,0,0,0,1,0,0,0,7,8,5,0,0,0,1,1,1,0,0,24
ITEM-TPSK​,Hoa Lài vải L,0,0,0,0,0,0,0,0,0,0,0,5,1,2,4,2,0,0,2,2,3,4,0,0,25
ITEM-UZZY​,BQ Sốt Kem Dừa Nướng,0,0,0,0,0,0,0,0,0,0,0,2,0,2,1,1,4,2,2,5,3,1,0,0,23
ITEM-NR9Y​,Hoa Lài Đào M,0,0,0,0,0,0,0,0,0,0,0,0,6,4,4,4,2,0,0,5,2,1,0,0,28
ITEM-S1LD​,Hoa Lài Vải M,0,0,0,0,0,0,0,0,0,0,1,2,1,10,4,2,1,0,2,2,3,1,0,0,29
ITEM-WY1K​,Hoa Lài Dưa Lưới M,0,0,0,0,0,0,0,0,0,0,0,1,3,2,10,2,0,1,2,3,3,1,0,0,28
ITEM-26AD​,Olong sữa trân châu olong L,0,0,0,0,0,0,0,0,0,0,0,1,2,5,4,3,0,1,1,1,1,0,0,0,19
ITEM-4SB1​,TRÀ SỮA GẠO RANG L,0,0,0,0,0,0,0,0,0,3,1,4,1,2,4,0,3,2,0,1,1,1,0,0,23
ITEM-NQD2​,Pudding phô mai,0,0,0,0,0,0,0,0,0,0,2,6,4,11,14,9,5,5,10,10,5,1,0,0,82
ITEM_RSPG​,Trà Dâu M,0,0,0,0,0,0,0,0,0,0,0,1,2,2,4,1,3,1,3,1,0,2,0,0,20
ITEM_52KS​,Jelly cafe phô mai,0,0,0,0,0,0,0,0,0,0,0,3,4,8,15,7,4,4,8,9,14,4,0,0,80
ITEM-WS6B​,Hoa Lài Xí Muội Size L,0,0,0,0,0,0,0,0,0,0,0,2,0,1,2,2,2,1,4,2,1,4,0,0,21
ITEM_2E04​,Khúc bạch tầng,0,0,0,0,0,0,0,0,0,0,0,8,6,13,12,6,3,5,3,4,9,1,0,0,70
ITEM-FC9P​,Sương sáo sợi,0,0,0,0,0,0,0,0,0,0,3,9,6,24,21,7,2,2,4,6,6,0,0,0,90
ITEM-HMJS​,Olong lài sữa M,0,0,0,0,0,0,0,0,0,0,0,1,1,5,4,2,1,0,3,7,1,0,0,0,25
ITEM-NAB6​,Olong lài sữa L,0,0,0,0,0,0,0,0,0,0,3,3,2,4,2,0,0,1,2,1,1,1,0,0,20
ITEM-JUZU​,Konjac Ball,0,0,0,0,0,0,0,0,0,0,1,7,2,5,8,2,2,4,4,6,5,4,0,0,50
ITEM-7SVC​,Sữa tươi trân châu đường đen kem trứng nướng L,0,0,0,0,0,0,0,0,0,0,1,4,0,1,3,1,0,0,2,2,0,0,0,0,14
ITEM-1FPQ​,TS Thái xanh trân châu đường đen L,0,0,0,0,0,0,0,0,0,0,0,0,0,2,1,0,4,0,5,4,1,1,0,0,18
ITEM_QHN3​,Chân mèo sốt chảy,0,0,0,0,0,0,0,0,0,0,0,2,9,7,13,2,1,2,5,7,4,1,0,0,53
ITEM-7IQ5​,TS Socola L,0,0,0,0,0,0,0,0,0,0,0,2,0,1,8,1,1,2,2,2,6,0,0,0,25
ITEM-O3PO​,Trà tắc thạch trái cây M,0,0,0,0,0,0,0,0,0,0,1,2,1,2,5,0,1,1,5,2,1,0,0,0,21
ITEM-1JV2​,Kem trứng nướng,0,0,0,0,0,0,0,0,0,0,3,5,2,13,8,9,4,3,2,7,7,0,0,0,63
ITEM_G0MJ​,Thạch nổ củ năng,0,0,0,0,0,0,0,0,0,0,0,2,2,8,17,5,1,3,3,2,6,1,0,0,50
ITEM-1576​,Trà Sữa Buffet Topping ko đá,0,0,0,0,0,0,0,0,0,0,0,2,0,1,0,0,1,0,1,2,1,0,0,0,8
ITEM_TTQ1​,Trà sữa Espresso Thạch Cà phê,0,0,0,0,0,0,0,0,0,0,0,0,1,5,3,0,0,0,0,1,2,0,0,0,12
ITEM-X60S​,TS Socola M,0,0,0,0,0,0,0,0,0,0,1,2,2,3,1,2,4,2,2,2,2,1,0,0,24
ITEM-4Q88​,Trân châu olong,0,0,0,0,0,0,0,0,0,0,1,5,3,6,4,8,5,2,2,8,4,2,0,0,50
ITEM-E4VX​,Olong Sữa M,0,0,0,0,0,0,0,0,0,0,0,2,2,3,2,1,2,0,3,1,2,0,0,0,18
ITEM_5GGD​,BÁNH FLAN,0,0,0,0,0,0,0,0,0,2,4,2,3,3,6,4,1,2,1,4,7,5,0,0,44
ITEM_GQ6J​,Đồng giá Truyền thống 9k,0,0,0,0,0,0,0,0,0,0,2,1,2,3,1,4,8,1,0,2,4,3,0,0,31
ITEM-MIW0​,VỊ TS THÁI XANH,0,0,0,0,0,0,0,0,0,0,2,6,11,4,3,1,15,9,4,4,7,2,0,0,68
ITEM-S7V4​,Pudding dâu,0,0,0,0,0,0,0,0,0,0,1,5,5,8,7,4,5,3,2,2,1,0,0,0,43
ITEM-DAWB​,TS Khoai môn M,0,0,0,0,0,0,0,0,0,0,0,1,1,6,9,1,1,0,0,4,0,1,0,0,24
ITEM_81OG​,Chai ú Truyền thống,0,0,0,0,0,0,0,0,0,0,1,1,0,3,0,0,0,0,4,0,0,0,0,0,9
ITEM-OG08​,Pudding khoai môn,0,0,0,0,0,0,0,0,0,0,1,2,3,6,18,3,3,1,3,3,4,0,0,0,47
ITEM_FSLZ​,Trân châu mật ong,0,0,0,0,0,0,0,0,0,0,0,1,2,4,7,1,3,2,5,5,7,5,0,0,42
ITEM-9BVI​,Pudding trứng,0,0,0,0,0,0,0,0,0,0,0,2,3,5,5,5,4,6,5,2,6,1,0,0,44
ITEM_P7BN​,Hạt ngọc trai phô mai,0,0,0,0,0,0,0,0,0,0,0,1,4,5,6,5,2,0,2,4,7,0,0,0,36
ITEM-YWLM​,TS Socola trân châu đường đen L,0,0,0,0,0,0,0,0,0,0,0,2,0,3,0,0,2,1,1,1,1,0,0,0,11
ITEM-J4OS​,Trà Thái Đỏ M,0,0,0,0,0,0,0,0,0,0,0,2,2,3,4,1,1,1,3,1,2,2,0,0,22
ITEM-J3SQ​,Chocolate Latte M,0,0,0,0,0,0,0,0,0,0,0,1,1,0,0,3,0,0,0,0,2,2,0,0,9
ITEM-QL8H​,Trà Thái Đỏ L,0,0,0,0,0,0,0,0,0,0,0,1,1,0,1,0,2,4,2,2,2,0,0,0,15
ITEM-X9RO​,TS Socola trân châu đường đen M,0,0,0,0,0,0,0,0,0,0,0,0,4,3,1,0,0,0,0,1,2,0,0,0,11
ITEM-GHR7​,HỒNG TRÀ,0,0,0,0,0,0,0,0,0,0,2,0,1,1,2,14,4,4,1,1,1,0,0,0,31
ITEM-WQ1G​,TS Khoai môn trân châu đường đen L,0,0,0,0,0,0,0,0,0,0,0,1,0,0,0,5,0,0,0,2,0,0,0,0,8
ITEM-ROHO​,Trà tắc thạch trái cây L,0,0,0,0,0,0,0,0,0,0,0,1,1,3,0,0,1,0,0,0,2,0,0,0,8
ITEM-IHLC​,Thạch cà phê,0,0,0,0,0,0,0,0,0,0,0,3,0,3,4,1,2,2,6,4,2,3,0,0,30
ITEM-DLUQ​,Pudding socola,0,0,0,0,0,0,0,0,0,0,0,4,2,1,6,5,1,4,0,1,5,0,0,0,29
ITEM-F7D2​,HỒNG TRÀ TẮC,0,0,0,0,0,0,0,0,0,2,0,1,0,3,1,2,2,1,1,1,0,2,0,0,16
ITEM-215U​,Sữa tươi trân châu đường đen kem trứng nướng M,0,0,0,0,0,0,0,0,0,0,0,0,0,3,0,0,0,0,3,1,0,0,0,0,7
ITEM_JB6V​,Thạch trái cây,0,0,0,0,0,0,0,0,0,0,0,1,4,1,6,1,0,0,2,4,5,2,0,0,26
ITEM-KM3G​,TS Thái xanh trân châu đường đen M,0,0,0,0,0,0,0,0,0,0,0,1,0,3,1,0,1,0,2,0,1,0,0,0,9
ITEM-1XNH​,Phô mai Jerry,0,0,0,0,0,0,0,0,0,0,0,1,0,7,5,4,0,1,1,2,2,0,0,0,23
ITEM-45UE​,VỊ TS SO CÔ LA,0,0,0,0,0,0,0,0,0,0,1,5,4,3,1,2,4,3,6,4,4,0,0,0,37
ITEM-T5YA​,Trà lài dâu size L,0,0,0,0,0,0,0,0,0,0,0,4,0,0,0,0,0,0,0,0,0,0,0,0,4
ITEM-A0OM​,Coffee Latte Size L,0,0,0,0,0,0,0,0,0,0,0,0,0,1,1,0,1,0,1,1,0,0,0,0,5
ITEM-NG8R​,Chocolate Latte L,0,0,0,0,0,0,0,0,0,0,1,1,0,1,0,1,0,0,1,1,0,0,0,0,6
ITEM-PBBC​,TS Truyền thống kem trứng nướng L,0,0,0,0,0,0,0,0,0,0,0,0,1,0,1,1,0,2,1,0,0,0,0,0,6
ITEM-5GIM​,Kem dừa nướng,0,0,0,0,0,0,0,0,0,0,0,2,1,3,5,1,1,1,3,4,3,0,0,0,24
ITEM-YEBW​,Trân châu caramel 3Q,0,0,0,0,0,0,0,0,0,0,0,2,2,3,7,0,2,1,2,1,2,0,0,0,22
ITEM-P331​,TS Truyền thống kem trứng nướng M,0,0,0,0,0,0,0,0,0,0,0,0,3,0,1,0,1,0,0,1,0,1,0,0,7
ITEM_G95J​,Chai ú Matcha,0,0,0,0,0,0,0,0,0,0,0,0,0,1,0,1,0,1,0,0,0,0,0,0,3
ITEM-C130​,VỊ TS OLONG LÀI SỮA,0,0,0,0,0,0,0,0,0,0,3,2,1,5,4,6,3,2,1,1,2,2,0,0,32
ITEM-XBW6​,MATCHA GẠO RANG M,0,0,0,0,0,0,0,0,0,0,0,0,1,2,0,0,2,0,0,0,1,0,0,0,6
ITEM_T67Q​,UP SIZE,0,0,0,0,0,0,0,0,0,0,1,1,1,2,1,4,4,2,0,4,7,1,0,0,28
ITEM_JE18​,Chai ú Socola,0,0,0,0,0,0,0,0,0,0,0,0,1,0,1,1,0,1,0,0,0,0,0,0,4
ITEM-Y7V2​,TS Socola kem trứng nướng L,0,0,0,0,0,0,0,0,0,0,2,0,0,0,0,1,0,2,0,0,0,0,0,0,5
ITEM-4XZN​,Hoa Lài Xí Muội M,0,0,0,0,0,0,0,0,0,0,0,0,0,2,1,0,0,2,0,0,1,1,0,0,7
ITEM_AQPC​,Chai ú Thai xanh,0,0,0,0,0,0,0,0,0,0,0,0,1,2,1,0,0,0,0,0,0,0,0,0,4
ITEM-67AR​,Pudding dưa lưới,0,0,0,0,0,0,0,0,0,0,2,0,3,2,2,0,2,0,2,0,4,0,0,0,17
ITEM-F4ET​,TS Khoai môn trân châu đường đen M,0,0,0,0,0,0,0,0,0,0,0,1,1,1,0,1,0,0,0,0,1,1,0,0,6
ITEM-3BRW​,TÀU HỦ,0,0,0,0,0,0,0,0,0,0,0,2,0,4,3,2,2,2,0,0,0,2,0,0,17
ITEM-90JV​,Đồng giá Thái Xanh 9k,0,0,0,0,0,0,0,0,0,0,0,0,1,1,0,1,0,1,0,4,1,0,0,0,9
ITEM_IDUK​,Bánh que chấm Phô mai mặn,0,0,0,0,0,0,0,0,0,0,0,0,0,1,1,1,1,0,0,3,0,0,0,0,7
ITEM-FVW3​,VỊ MATCHA,0,0,0,0,0,0,0,0,0,0,0,3,0,1,0,2,3,0,0,5,3,1,0,0,18
ITEM-5VDW​,VỊ TS THÁI ĐỎ,0,0,0,0,0,0,0,0,0,0,0,1,6,1,0,0,3,0,0,0,2,1,0,0,14
ITEM_V1R0​,Pudding dâu,0,0,0,0,0,0,0,0,0,0,2,0,0,1,3,0,0,0,0,1,3,0,0,0,10
ITEM-2FOZ​,Trà lài dưa lưới size L,0,0,0,0,0,0,0,0,0,0,0,2,0,0,0,0,0,0,0,0,0,0,0,0,2
ITEM-56MB​,Đồng giá Socola 9k,0,0,0,0,0,0,0,0,0,0,0,1,0,0,0,1,0,0,0,2,2,0,0,0,6
ITEM_O0H4​,CHAI Ú MATCHA,0,0,0,0,0,0,0,0,0,0,0,0,0,0,0,0,0,1,0,0,0,0,0,0,1
ITEM-A8D8​,Sữa tươi cafe sương sáo,0,0,0,0,0,0,0,0,0,0,0,0,0,0,0,0,0,0,0,2,0,0,0,0,2
ITEM-C5YL​,TS Socola kem trứng nướng M,0,0,0,0,0,0,0,0,0,0,0,0,0,0,3,0,0,0,0,0,0,0,0,0,3
ITEM_A9CX​,Konjac Ball,0,0,0,0,0,0,0,0,0,0,0,0,1,0,2,0,0,0,0,1,3,0,0,0,7
ITEM-9GA7​,CÀ PHÊ SỮA,0,0,0,0,0,0,0,0,0,0,0,0,0,0,0,0,1,1,0,0,0,0,0,0,2
ITEM-LE58​,Latte Bạc hà Coffee,0,0,0,0,0,0,0,0,0,0,1,0,0,0,0,0,0,0,0,0,0,1,0,0,2
ITEM-QZ4G​,Sữa tươi cafe,0,0,0,0,0,0,0,0,0,0,0,1,0,0,0,0,0,0,0,0,0,1,0,0,2
ITEM-5J5A​,Combo Trà Dâu Bánh Que,0,0,0,0,0,0,0,0,0,0,0,0,0,0,1,0,0,0,0,0,0,0,0,0,1
ITEM_DI6L​,CHAI Ú TRUYỀN THỐNG,0,0,0,0,0,0,0,0,0,0,0,0,0,0,0,0,0,1,0,0,0,0,0,0,1
ITEM-5LT8​,CÀ PHÊ ĐEN,0,0,0,0,0,0,0,0,0,0,1,0,0,0,0,0,0,0,0,0,1,0,0,0,2
ITEM_F0U9​,Matcha Latte Coffe,0,0,0,0,0,0,0,0,0,0,0,0,0,0,0,0,0,0,0,0,0,1,0,0,1
ITEM-IL60​,Đồng giá Khoai môn 9k,0,0,0,0,0,0,0,0,0,0,0,0,0,2,0,0,0,0,0,1,0,0,0,0,3
ITEM-M6ZF​,Trà lài ổi hồng size L,0,0,0,0,0,0,0,0,0,0,0,1,0,0,0,0,0,0,0,0,0,0,0,0,1
ITEM_DOEK​,Donut sốt chảy,0,0,0,0,0,0,0,0,0,0,0,0,0,0,0,0,0,0,1,1,0,0,0,0,2
ITEM-J8S5​,TÀU HỦ TRÂN CHÂU ĐƯỜNG ĐEN,0,0,0,0,0,0,0,0,0,0,0,0,0,0,0,1,0,0,0,0,1,0,0,0,2
ITEM-LP6F​,MATCHA GẠO RANG L,0,0,0,0,0,0,0,0,0,0,0,0,1,0,0,0,0,0,0,0,0,0,0,0,1
ITEM-TCF3​,Đồng giá Thái Đỏ 9k,0,0,0,0,0,0,0,0,0,0,0,0,0,0,0,0,0,0,0,1,1,0,0,0,2
ITEM-LLFP​,VỊ SOCOLA MINT,0,0,0,0,0,0,0,0,0,0,0,1,0,0,0,0,0,0,0,1,0,0,0,0,2
ITEM-1SPV​,SIZE LY: XL,0,0,0,0,0,0,0,0,13,26,209,348,354,536,516,397,390,290,325,428,384,250,0,0,4466
ITEM-2OE9​,​0 đá,0,0,0,0,0,0,0,0,0,0,2,3,8,5,10,7,3,5,3,1,3,0,0,0,50
ITEM-3231​,SIZE LY: S,0,0,0,0,0,0,0,0,0,0,1,0,0,0,0,0,1,0,0,0,0,0,0,0,2
ITEM-3ES7​,Đá riêng,0,0,0,0,0,0,0,0,0,0,0,16,3,9,7,3,4,3,3,13,7,0,0,0,68
ITEM-4YQW​,50% Đường,0,0,0,0,0,0,0,0,0,1,45,44,59,116,164,57,47,30,53,100,55,31,0,0,802
ITEM-5FZT​,​0% đường,0,0,0,0,0,0,0,0,0,0,0,1,0,3,1,1,0,1,2,0,1,0,0,0,10
ITEM-7RM6​,70% đường,0,0,0,0,0,0,0,0,0,0,3,30,37,115,147,58,22,15,43,60,48,7,0,0,585
ITEM-8WC5​,​0 Đá,0,0,0,0,0,0,0,0,0,1,14,11,26,20,25,38,16,21,20,21,12,8,0,0,233
ITEM-A0IP​,50% đường,0,0,0,0,0,0,0,0,0,0,0,8,7,25,40,12,5,4,12,10,16,2,0,0,141
ITEM-BK7R​,PD SCL + K.MÔN + D.LƯỚI + P.MAI + DÂU + TRỨNG + THẠCH T.THÁI + CHEESEBALL HOẶC PMV + JELLY + CHÂN MÈO,0,0,0,0,0,0,0,0,0,0,2,1,3,6,2,7,5,6,6,10,5,10,0,0,63
ITEM-BYG7​,LY M,0,0,0,0,0,0,0,0,0,0,0,0,0,0,0,0,1,0,0,0,1,1,0,0,3
ITEM-C8G0​,SIZE LY: M,0,0,0,0,0,0,0,0,4,27,96,237,283,555,612,357,391,235,231,377,312,154,2,0,3873
ITEM-HEH0​,LY L,0,0,0,0,0,0,0,0,0,0,0,0,0,0,0,0,1,0,0,0,1,0,0,0,2
ITEM-K7DG​,PD SCL + K.MÔN + D.LƯỚI + P.MAI + DÂU + THẠCH T.THÁI + TC ĐEN + TC GIÒN + CH.BALL HOẶC PMV + JELLY,0,0,0,0,0,0,0,0,0,3,6,5,4,6,10,4,9,13,8,7,7,6,0,0,88
ITEM-O54A​,​0 Đường,0,0,0,0,0,0,0,0,3,5,16,6,13,21,26,12,9,4,11,13,11,3,0,0,153
ITEM-P09V​,Đá Riêng,0,0,0,0,0,0,0,0,0,4,62,188,125,182,216,127,117,104,124,119,142,77,0,0,1587
ITEM-QMEL​,Ít Đá,0,0,0,0,0,0,0,0,0,6,25,77,65,211,234,151,87,59,96,143,110,57,0,0,1321
ITEM-QR6N​,SIZE LY: L,0,0,0,0,0,0,0,0,1,21,224,366,427,439,455,352,623,399,324,417,416,220,1,0,4685
ITEM-TRQF​,70% Đường,0,0,0,0,0,0,0,0,0,13,84,229,252,517,561,363,216,172,234,264,217,132,0,0,3254
ITEM-V8K9​,SIZE LY: 2XL,0,0,0,0,0,0,0,0,0,0,7,2,8,8,3,5,9,6,10,6,9,6,0,0,79
ITEM-YUA4​,LY 2XL,0,0,0,0,0,0,0,0,0,0,0,0,0,1,0,1,0,0,1,1,0,0,0,0,4
Total,,0,0,0,0,0,0,0,0,27,231,1847,3702,4029,6195,6648,4435,4865,3329,3575,4707,4293,2319,11,0,50213