Mã hàng,Tên hàng,1/1/2025,1/2/2025,1/3/2025,1/4/2025,1/5/2025,1/6/2025,1/7/2025,1/8/2025,1/9/2025,1/10/2025,1/11/2025,1/12/2025,13/01/2025,14/01/2025,15/01/2025,16/01/2025,17/01/2025,18/01/2025,19/01/2025,20/01/2025,21/01/2025,22/01/2025,23/01/2025,24/01/2025,25/01/2025,26/01/2025,27/01/2025,28/01/2025,29/01/2025,30/01/2025,31/01/2025,2/1/2025,2/2/2025,2/3/2025,2/4/2025,2/5/2025,2/6/2025,2/7/2025,2/8/2025,2/9/2025,2/10/2025,2/11/2025,2/12/2025,13/02/2025,14/02/2025,15/02/2025,16/02/2025,17/02/2025,18/02/2025,19/02/2025,20/02/2025,21/02/2025,22/02/2025,23/02/2025,24/02/2025,25/02/2025,26/02/2025,27/02/2025,28/02/2025,3/1/2025,3/2/2025,3/3/2025,3/4/2025,3/5/2025,3/6/2025,3/7/2025,3/8/2025,3/9/2025,3/10/2025,3/11/2025,3/12/2025,13/03/2025,14/03/2025,15/03/2025,16/03/2025,17/03/2025,18/03/2025,19/03/2025,20/03/2025,21/03/2025,22/03/2025,23/03/2025,24/03/2025,25/03/2025,26/03/2025,27/03/2025,28/03/2025,29/03/2025,30/03/2025,31/03/2025,4/1/2025,4/2/2025,4/3/2025,4/4/2025,4/5/2025,4/6/2025,4/7/2025,4/8/2025,4/9/2025,4/10/2025,4/11/2025,4/12/2025,13/04/2025,14/04/2025,15/04/2025,16/04/2025,17/04/2025,18/04/2025,19/04/2025,20/04/2025,21/04/2025,22/04/2025,23/04/2025,24/04/2025,25/04/2025,26/04/2025,27/04/2025,28/04/2025,29/04/2025,30/04/2025,Total
ITEM-X8FZ​,Full Topping - Trà Sữa Truyền Thống,0,0,0,0,0,0,0,0,0,0,0,0,0,0,0,0,0,0,0,0,0,0,0,0,0,0,0,0,0,0,0,0,0,4,7,5,5,10,20,12,5,6,4,4,1,11,19,12,12,19,10,9,7,28,9,17,9,23,10,25,21,9,8,19,15,8,17,18,2,8,13,8,6,3,18,13,3,8,7,3,6,2,5,2,5,5,4,4,3,7,9,3,5,7,25,7,16,12,19,11,5,8,8,14,40,14,14,7,14,9,8,9,14,13,13,13,12,13,15,1,911
ITEM-ISW6​,Full Pudding - Trà Sữa Truyền Thống,0,0,0,0,0,0,0,0,0,0,0,0,0,0,0,0,0,0,0,0,0,0,0,0,0,0,0,0,0,0,0,0,0,4,5,8,5,8,12,1,3,5,3,3,4,3,5,12,7,9,9,7,6,13,6,17,4,9,15,10,18,6,9,10,8,6,13,3,8,4,3,2,4,5,7,6,3,5,8,2,3,7,1,6,0,2,5,2,0,6,2,4,12,7,12,7,14,14,26,10,6,11,17,8,3,1,5,6,19,8,5,12,10,10,10,12,10,1,9,3,629
ITEM-BBGY​,TS Truyền thống L,0,0,0,0,0,0,0,0,0,0,0,0,0,0,0,0,0,0,0,0,0,0,0,0,0,0,0,0,0,0,0,0,0,21,11,13,13,12,12,10,16,30,31,32,25,16,30,35,6,26,17,16,11,31,11,15,16,23,22,16,18,10,9,13,20,16,16,17,3,14,16,5,7,11,15,5,6,7,10,6,10,8,9,2,3,9,13,12,10,9,5,7,14,16,9,15,2,3,14,23,6,11,15,9,5,10,8,17,12,8,22,12,3,18,10,8,18,9,9,3,1147
ITEM-NLV2​,Buffet Topping - Trà Truyền Thống,0,0,0,0,0,0,0,0,0,0,0,0,0,0,0,0,0,0,0,0,0,0,0,0,0,0,0,0,0,0,0,0,0,6,2,0,5,4,1,3,4,8,7,7,7,3,5,4,3,5,16,5,2,2,4,6,4,5,7,11,9,11,7,9,17,15,23,4,0,10,6,1,9,8,6,7,6,6,6,6,11,2,1,3,5,7,9,6,3,4,12,4,0,4,8,3,3,8,2,0,4,1,2,5,8,7,5,2,6,2,3,8,4,3,5,4,5,23,14,2,510
ITEM-L6CT​,Matcha Latte L,0,0,0,0,0,0,0,0,0,0,0,0,0,0,0,0,0,0,0,0,0,0,0,0,0,0,0,0,0,0,0,0,0,4,4,8,2,3,3,1,26,25,33,42,38,22,25,43,3,5,8,6,1,6,3,6,4,5,4,5,2,3,1,6,6,9,11,4,4,1,5,7,3,6,6,3,0,3,6,6,5,6,8,0,8,8,2,6,5,5,1,4,4,4,11,2,11,0,13,9,13,9,10,16,3,8,3,10,5,9,8,6,6,7,6,8,16,13,9,5,709
ITEM-NS6P​,TS Truyền thống M,0,0,0,0,0,0,0,0,0,0,0,0,0,0,0,0,0,0,0,0,0,0,0,0,0,0,0,0,0,0,0,0,0,14,20,6,10,10,15,14,8,18,10,10,9,7,10,15,24,20,15,26,16,14,24,18,11,14,16,17,8,28,23,14,12,10,11,8,17,28,13,24,9,6,7,36,15,10,10,2,3,10,9,13,7,15,10,6,9,17,14,5,12,10,8,3,26,21,12,10,15,14,11,21,19,22,31,14,15,15,23,13,17,12,13,18,10,20,17,2,1224
ITEM-2R9A​,TS Thái xanh M,0,0,0,0,0,0,0,0,0,0,0,0,0,0,0,0,0,0,0,0,0,0,0,0,0,0,0,0,0,0,0,0,0,8,7,8,6,5,14,7,5,15,5,4,8,3,9,9,10,9,12,13,10,9,15,21,5,18,8,5,8,6,14,9,7,13,9,4,7,16,8,8,7,5,2,15,12,5,5,2,8,3,14,3,4,4,4,5,1,13,7,1,5,6,5,7,11,7,12,7,5,3,7,12,10,17,8,16,8,7,7,8,4,5,6,3,2,12,10,2,689
ITEM-SG9B​,TS Thái xanh L,0,0,0,0,0,0,0,0,0,0,0,0,0,0,0,0,0,0,0,0,0,0,0,0,0,0,0,0,0,0,0,0,0,7,3,8,5,10,5,16,7,15,17,17,13,13,16,21,0,3,3,11,4,7,9,11,6,9,8,10,13,4,4,12,8,11,6,7,2,5,2,4,4,9,7,7,1,3,7,1,2,5,1,0,1,3,5,4,6,5,3,6,10,1,18,2,4,1,6,5,6,3,6,4,2,10,7,6,3,9,4,7,4,1,4,1,3,3,5,17,564
ITEM-LRKU​,Trân châu Đen,0,0,0,0,0,0,0,0,0,0,0,0,0,0,0,0,0,0,0,0,0,0,0,0,0,0,0,0,0,0,0,0,0,31,26,18,17,14,19,13,18,46,37,38,31,19,28,47,17,26,22,24,23,25,23,23,15,22,30,19,8,25,21,19,18,22,14,20,20,27,17,15,12,11,17,25,23,15,19,5,8,14,23,10,15,17,14,19,19,28,19,11,30,13,10,7,20,35,22,28,17,16,21,28,26,24,19,26,25,23,32,24,24,20,24,15,26,29,24,13,1842
ITEM-01F8​,TS Olong lài M,0,0,0,0,0,0,0,0,0,0,0,0,0,0,0,0,0,0,0,0,0,0,0,0,0,0,0,0,0,0,0,0,0,4,6,3,3,3,8,7,3,8,2,2,5,2,2,8,2,5,9,1,4,8,11,12,5,4,10,4,5,12,12,1,3,6,2,4,9,9,7,2,3,1,3,8,17,1,3,3,1,1,13,5,3,1,2,3,1,20,7,2,2,2,3,2,15,4,7,4,7,2,4,11,6,4,2,8,5,2,11,2,10,6,11,2,7,16,7,2,475
ITEM-9UTH​,Matcha Latte M,0,0,0,0,0,0,0,0,0,0,0,0,0,0,0,0,0,0,0,0,0,0,0,0,0,0,0,0,0,0,0,0,0,2,4,1,5,2,1,5,2,5,1,0,0,1,0,2,4,4,6,10,6,4,5,13,4,8,6,2,6,4,10,5,2,4,8,3,3,15,3,4,2,3,4,7,14,8,4,2,1,3,4,6,2,2,5,2,1,2,12,0,0,3,2,4,2,9,2,3,5,7,4,4,4,4,2,5,7,5,4,20,6,0,2,8,11,8,5,2,392
ITEM-NPYR​,Sữa tươi trân châu đường đen L,0,0,0,0,0,0,0,0,0,0,0,0,0,0,0,0,0,0,0,0,0,0,0,0,0,0,0,0,0,0,0,0,0,1,3,1,7,1,5,3,15,16,18,25,33,18,20,22,1,6,2,5,2,1,2,6,0,9,4,1,2,0,1,3,6,5,5,5,7,0,5,3,3,2,2,1,0,2,2,4,1,0,3,0,0,1,3,0,2,3,3,3,1,3,1,6,7,4,3,2,2,2,4,1,0,2,2,2,1,2,2,1,1,3,0,2,1,2,4,2,367
ITEM-FNM5​,TS Olong lài L,0,0,0,0,0,0,0,0,0,0,0,0,0,0,0,0,0,0,0,0,0,0,0,0,0,0,0,0,0,0,0,0,0,3,2,5,4,2,4,1,11,9,16,21,14,8,9,19,3,3,7,4,10,8,3,2,8,7,3,8,6,1,1,3,4,5,8,4,1,2,6,1,4,1,4,5,1,0,3,1,4,3,0,1,4,1,5,1,4,5,0,3,3,3,5,2,2,0,5,8,1,3,2,2,2,1,1,1,5,0,0,0,1,3,1,2,4,2,8,5,358
ITEM-SMGJ​,Sữa tươi trân châu đường đen M,0,0,0,0,0,0,0,0,0,0,0,0,0,0,0,0,0,0,0,0,0,0,0,0,0,0,0,0,0,0,0,0,0,3,5,2,0,2,2,6,2,6,1,3,5,1,5,1,3,2,3,1,4,2,1,5,2,6,2,1,3,3,4,2,2,4,3,3,3,3,1,7,1,0,2,3,2,3,4,2,2,0,3,0,1,1,2,0,0,5,4,2,0,2,2,5,3,4,6,3,10,10,7,9,8,8,5,11,2,18,12,11,3,6,9,4,3,13,9,5,339
ITEM-8MWV​,Thạch trà thái,0,0,0,0,0,0,0,0,0,0,0,0,0,0,0,0,0,0,0,0,0,0,0,0,0,0,0,0,0,0,0,0,0,0,6,6,10,12,9,19,5,17,9,9,9,7,8,14,4,7,9,15,10,10,14,22,3,22,10,9,15,5,12,9,10,10,8,9,3,7,7,6,4,6,6,13,6,7,11,2,4,4,3,1,3,4,1,2,3,6,6,4,9,5,22,5,7,4,10,6,5,6,12,9,7,16,4,11,7,13,5,3,7,1,8,3,6,4,3,17,687
ITEM-YHEH​,TS Socola L,0,0,0,0,0,0,0,0,0,0,0,0,0,0,0,0,0,0,0,0,0,0,0,0,0,0,0,0,0,0,0,0,0,2,2,2,1,3,5,5,6,13,7,23,18,5,8,16,1,2,3,2,2,2,2,1,1,4,3,3,5,1,0,5,3,3,3,5,1,3,2,1,3,1,0,1,0,0,0,1,0,2,0,0,1,1,3,1,6,1,0,0,1,2,1,0,2,1,1,2,1,1,5,5,1,2,1,3,6,2,0,2,2,3,2,3,4,1,5,0,254
ITEM-MN77​,Chân mèo,0,0,0,0,0,0,0,0,0,0,0,0,0,0,0,0,0,0,0,0,0,0,0,0,0,0,0,0,0,0,0,0,0,10,18,8,8,7,4,11,8,11,7,4,24,7,8,10,3,6,12,11,12,9,11,13,4,13,11,12,15,8,9,7,9,6,11,9,4,9,7,4,7,5,12,10,1,5,5,1,3,4,11,4,3,2,15,3,1,9,8,7,9,3,8,8,12,3,12,4,4,4,14,3,8,8,6,5,6,9,9,4,4,10,8,3,9,4,5,0,658
ITEM-CYVO​,TS Socola M,0,0,0,0,0,0,0,0,0,0,0,0,0,0,0,0,0,0,0,0,0,0,0,0,0,0,0,0,0,0,0,0,0,2,4,1,3,0,0,4,4,3,2,2,2,3,4,4,1,3,2,11,2,2,8,4,2,4,2,1,4,3,4,5,8,0,6,1,4,4,1,1,0,1,1,7,4,4,1,0,1,2,4,3,1,2,2,9,1,10,1,0,3,1,1,1,3,5,2,3,2,1,9,10,3,5,3,4,2,2,10,5,1,5,8,8,4,5,4,1,286
ITEM-HBKL​,Buffet Topping - Trà Vị Khác,0,0,0,0,0,0,0,0,0,0,0,0,0,0,0,0,0,0,0,0,0,0,0,0,0,0,0,0,0,0,0,0,0,2,1,0,2,2,0,0,3,0,0,2,0,3,6,0,2,1,2,2,2,4,1,2,5,1,2,1,4,1,1,0,1,0,7,2,0,4,1,3,0,5,7,3,1,1,1,0,2,1,0,1,1,1,0,0,4,1,1,2,1,0,0,4,1,4,5,3,1,0,0,3,1,2,2,2,1,2,0,3,2,3,1,0,1,1,3,4,152
ITEM-MVXN​,T.Lài dưa lưới L,0,0,0,0,0,0,0,0,0,0,0,0,0,0,0,0,0,0,0,0,0,0,0,0,0,0,0,0,0,0,0,0,0,4,1,1,4,1,2,1,7,10,8,11,10,7,3,4,1,1,4,2,4,0,1,0,2,1,1,2,3,3,1,2,0,7,9,4,6,0,1,1,5,2,3,2,1,2,4,0,0,3,1,0,2,3,1,1,1,1,0,0,3,3,1,0,3,0,4,3,7,0,2,0,0,3,0,3,2,0,3,2,1,2,0,3,2,3,2,3,217
ITEM-YDE7​,Cheese Ball,0,0,0,0,0,0,0,0,0,0,0,0,0,0,0,0,0,0,0,0,0,0,0,0,0,0,0,0,0,0,0,0,0,7,10,10,9,7,4,3,4,9,7,8,10,9,9,4,6,3,8,3,10,7,6,4,5,9,6,9,10,6,5,5,4,9,7,2,3,5,6,4,8,3,6,5,1,2,7,2,6,1,0,4,2,5,9,4,4,9,3,0,6,7,6,0,7,6,8,7,1,5,6,2,4,1,4,3,4,6,8,2,5,6,5,8,7,8,7,5,477
ITEM-GHJL​,Trân châu trắng 3Q,0,0,0,0,0,0,0,0,0,0,0,0,0,0,0,0,0,0,0,0,0,0,0,0,0,0,0,0,0,0,0,0,0,2,10,5,2,4,8,8,16,17,8,16,13,8,8,19,12,5,7,15,6,5,19,9,6,13,13,6,15,10,17,9,12,7,29,10,1,8,7,5,11,5,10,13,7,11,10,2,8,11,10,3,4,5,12,5,7,13,10,6,8,7,7,7,19,7,13,11,10,6,11,7,9,10,5,15,10,15,5,15,4,4,14,6,21,10,18,11,838
ITEM-U0N4​,Trân châu Olong,0,0,0,0,0,0,0,0,0,0,0,0,0,0,0,0,0,0,0,0,0,0,0,0,0,0,0,0,0,0,0,0,0,4,7,5,5,9,9,10,10,15,16,6,26,11,5,11,9,4,6,7,15,10,5,14,9,4,8,8,8,7,5,11,7,7,13,5,7,15,4,4,3,8,7,7,15,6,6,3,6,5,5,2,7,3,9,4,6,12,5,4,6,5,7,2,8,3,9,7,6,5,11,3,7,11,6,11,10,2,12,9,10,12,12,7,11,11,9,4,680
ITEM-SHZP​,Trà mãng cầu L,0,0,0,0,0,0,0,0,0,0,0,0,0,0,0,0,0,0,0,0,0,0,0,0,0,0,0,0,0,0,0,0,0,0,1,3,6,2,3,0,2,1,1,3,0,2,2,3,2,1,1,0,2,3,2,1,0,3,1,3,3,1,3,0,1,3,5,0,0,1,1,0,0,1,1,2,1,1,0,1,0,1,0,0,0,1,1,1,0,0,0,2,1,5,1,1,3,0,2,0,0,2,1,2,4,1,1,7,4,3,4,2,1,4,3,2,5,0,7,0,145
ITEM-FN6G​,T.Lài vải L,0,0,0,0,0,0,0,0,0,0,0,0,0,0,0,0,0,0,0,0,0,0,0,0,0,0,0,0,0,0,0,0,0,0,0,1,2,0,3,2,4,10,7,9,9,4,9,6,0,1,0,2,0,0,2,0,1,3,3,5,1,0,0,0,4,7,7,28,0,1,2,3,3,1,1,1,0,2,1,0,0,1,0,0,1,1,2,0,2,4,1,2,1,0,2,2,2,1,3,1,1,1,0,1,1,1,1,0,3,2,3,1,1,1,1,1,3,3,0,4,200
ITEM-GG7C​,T.Lài dưa lưới M,0,0,0,0,0,0,0,0,0,0,0,0,0,0,0,0,0,0,0,0,0,0,0,0,0,0,0,0,0,0,0,0,0,0,5,1,4,0,0,1,2,5,1,2,4,2,0,3,4,3,3,2,1,3,2,6,0,3,1,5,1,4,9,0,3,2,2,2,0,3,2,2,3,3,1,1,7,1,1,0,3,2,0,7,2,1,3,0,1,3,4,0,1,0,0,3,3,2,2,3,1,1,1,2,3,2,4,4,0,2,3,3,2,1,2,5,2,2,1,3,194
ITEM-RT6U​,T.Lài ổi hồng L,0,0,0,0,0,0,0,0,0,0,0,0,0,0,0,0,0,0,0,0,0,0,0,0,0,0,0,0,0,0,0,0,0,2,2,2,1,0,1,1,3,2,8,3,9,6,5,14,1,6,2,2,1,1,1,1,2,8,1,0,4,1,0,2,1,2,4,1,1,1,2,3,5,5,2,5,0,0,0,2,5,2,0,0,1,1,2,1,1,2,1,1,1,1,1,1,2,0,4,0,0,4,1,2,1,2,0,1,0,2,1,0,1,0,1,2,3,0,1,3,178
ITEM-BPPJ​,T.Lài đào L,0,0,0,0,0,0,0,0,0,0,0,0,0,0,0,0,0,0,0,0,0,0,0,0,0,0,0,0,0,0,0,0,0,0,3,0,0,2,0,3,10,4,7,4,3,3,8,10,0,2,1,1,3,6,2,1,2,3,1,0,2,1,0,2,3,2,1,3,2,0,3,0,3,0,2,1,4,0,1,0,0,1,4,0,3,0,2,4,1,0,0,3,1,2,2,1,0,0,2,2,2,2,3,2,0,0,2,2,0,0,3,4,2,2,2,4,3,3,3,2,178
ITEM-0SLU​,Phô mai viên,0,0,0,0,0,0,0,0,0,0,0,0,0,0,0,0,0,0,0,0,0,0,0,0,0,0,0,0,0,0,0,0,0,8,3,3,1,4,11,0,5,10,2,2,11,6,5,1,10,6,7,6,7,3,6,10,10,17,0,6,11,4,8,8,9,1,11,6,5,4,8,9,5,5,5,8,6,1,4,3,4,9,3,4,4,7,3,1,3,7,6,5,9,5,4,2,5,6,4,7,7,7,3,4,5,5,3,6,13,7,2,4,7,8,3,3,13,8,9,1,497
ITEM-G7MA​,TRÀ SỮA FULL TOPPINGS,7,11,15,7,1,5,12,3,8,6,6,8,2,5,7,7,2,3,4,10,8,0,11,4,2,4,0,0,0,0,0,0,0,0,0,0,0,0,0,0,0,0,0,0,0,0,0,0,0,0,0,0,0,0,0,0,0,0,0,0,0,0,0,0,0,0,0,0,0,0,0,0,0,0,0,0,0,0,0,0,0,0,0,0,0,0,0,0,0,0,0,0,0,0,0,0,0,0,0,0,0,0,0,0,0,0,0,0,0,0,0,0,0,0,0,0,0,0,0,0,158
ITEM-HBJ0​,T.Lài dâu L,0,0,0,0,0,0,0,0,0,0,0,0,0,0,0,0,0,0,0,0,0,0,0,0,0,0,0,0,0,0,0,0,0,5,0,0,2,3,2,1,1,2,0,0,2,2,2,1,1,0,1,0,0,1,1,1,1,4,1,3,0,2,1,1,0,2,3,3,2,1,3,2,4,3,2,2,0,0,1,2,0,1,0,0,1,0,1,3,3,1,0,1,1,1,0,1,0,1,1,3,0,0,5,1,0,0,2,4,3,1,2,0,1,3,2,5,3,2,0,1,125
ITEM-X3V4​,T.Lài dâu M,0,0,0,0,0,0,0,0,0,0,0,0,0,0,0,0,0,0,0,0,0,0,0,0,0,0,0,0,0,0,0,0,0,1,1,3,2,3,1,1,2,1,1,0,0,0,1,0,2,4,1,2,3,2,2,2,1,2,2,2,2,5,4,1,0,2,3,1,0,5,0,2,2,0,1,0,2,0,0,2,1,0,1,4,0,1,1,2,1,4,2,1,3,0,1,4,0,6,2,2,2,3,4,1,2,2,3,0,0,1,1,2,1,2,1,2,2,2,1,2,144
ITEM-0P13​,T.Lài ổi hồng M,0,0,0,0,0,0,0,0,0,0,0,0,0,0,0,0,0,0,0,0,0,0,0,0,0,0,0,0,0,0,0,0,0,1,3,0,3,2,0,1,2,1,0,0,0,0,0,2,4,3,4,0,4,2,2,6,1,1,2,1,0,0,5,2,1,2,1,5,0,4,3,0,1,0,1,2,3,2,1,1,1,0,0,4,0,1,4,2,1,1,2,2,1,1,2,0,1,5,3,1,6,2,3,6,5,1,4,3,7,3,4,2,2,2,1,3,1,4,6,2,178
ITEM-XJ5X​,Kem trứng nướng,0,0,0,0,0,0,0,0,0,0,0,0,0,0,0,0,0,0,0,0,0,0,0,0,0,0,0,0,0,0,0,0,0,7,8,3,8,6,8,8,4,4,12,12,12,6,12,11,8,15,5,6,6,7,7,10,3,6,7,7,4,6,6,5,7,14,10,5,5,4,6,4,2,2,5,7,2,4,5,12,3,2,4,4,1,1,5,2,2,12,1,1,1,9,1,9,13,2,8,4,9,13,8,7,5,6,5,3,5,10,4,4,4,3,7,2,11,4,7,4,529
ITEM-NPUD​,Trà mãng cầu M,0,0,0,0,0,0,0,0,0,0,0,0,0,0,0,0,0,0,0,0,0,0,0,0,0,0,0,0,0,0,0,0,0,1,2,1,1,0,0,0,1,3,2,0,0,0,0,0,2,4,2,3,0,1,4,1,2,6,4,4,2,2,8,1,2,0,2,2,2,2,2,2,1,0,1,5,3,0,0,0,5,1,0,3,0,0,1,0,1,0,3,0,0,0,2,0,1,2,1,1,3,0,0,2,1,1,4,1,1,0,1,1,1,0,3,1,1,0,0,0,123
ITEM-P0GG​,T.Lài vải M,0,0,0,0,0,0,0,0,0,0,0,0,0,0,0,0,0,0,0,0,0,0,0,0,0,0,0,0,0,0,0,0,0,3,2,0,1,1,1,3,1,1,2,2,0,0,0,3,5,1,2,1,3,1,1,4,1,1,1,0,0,4,4,1,0,3,0,3,0,2,1,2,4,2,1,1,3,2,0,0,0,0,0,4,0,0,0,0,1,2,3,2,5,0,1,3,1,2,1,1,3,1,2,3,4,2,4,3,0,3,1,1,0,2,2,27,4,2,2,0,166
ITEM-OIYG​,Kem phô mai mặn,0,0,0,0,0,0,0,0,0,0,0,0,0,0,0,0,0,0,0,0,0,0,0,0,0,0,0,0,0,0,0,0,0,1,5,7,6,6,1,1,6,9,4,6,6,8,7,3,8,7,9,3,7,10,2,5,3,13,8,7,5,2,8,6,5,3,9,6,4,14,8,4,3,4,5,6,4,4,7,1,2,5,2,3,2,7,3,4,0,3,0,3,9,7,7,1,4,3,7,9,2,2,8,2,4,5,7,4,3,6,3,3,4,5,0,6,2,5,1,0,419
ITEM-2PIN​,T.Lài tắc thạch trái cây L,0,0,0,0,0,0,0,0,0,0,0,0,0,0,0,0,0,0,0,0,0,0,0,0,0,0,0,0,0,0,0,0,0,0,2,0,5,0,2,1,6,9,2,8,2,1,4,4,0,1,0,0,0,2,2,2,6,1,0,0,1,0,1,3,2,2,1,0,2,0,2,0,0,1,1,2,0,7,1,1,0,2,0,2,0,4,2,2,0,0,1,0,2,1,1,1,2,1,2,1,0,2,6,2,1,3,2,2,3,4,3,2,3,4,4,7,3,0,3,0,165
ITEM-LGAE​,TRÀ SỮA FULL PUDDING,9,3,14,1,2,3,1,5,2,5,5,3,14,2,2,2,2,1,8,5,3,7,5,4,1,3,0,0,0,0,0,0,0,0,0,0,0,0,0,0,0,0,0,0,0,0,0,0,0,0,0,0,0,0,0,0,0,0,0,0,0,0,0,0,0,0,0,0,0,0,0,0,0,0,0,0,0,0,0,0,0,0,0,0,0,0,0,0,0,0,0,0,0,0,0,0,0,0,0,0,0,0,0,0,0,0,0,0,0,0,0,0,0,0,0,0,0,0,0,0,112
ITEM-Y8YM​,Trà Sữa Buffet Topping,7,1,3,11,10,3,8,3,0,2,2,3,3,4,4,1,0,3,5,0,3,0,3,6,0,1,0,0,0,0,0,0,0,0,0,0,0,0,0,0,0,0,0,0,0,0,0,0,0,0,0,0,0,0,0,0,0,0,0,0,0,0,0,0,0,0,0,0,0,0,0,0,0,0,0,0,0,0,0,0,0,0,0,0,0,0,0,0,0,0,0,0,0,0,0,0,0,0,0,0,0,0,0,0,0,0,0,0,0,0,0,0,0,0,0,0,0,0,0,0,86
ITEM-LA3Z​,Phô mai Jerry,0,0,0,0,0,0,0,0,0,0,0,0,0,0,0,0,0,0,0,0,0,0,0,0,0,0,0,0,0,0,0,0,0,0,0,1,9,4,9,4,16,7,3,14,8,5,7,18,8,9,4,9,5,9,2,4,7,7,8,3,9,8,9,4,5,9,3,5,6,4,0,2,4,1,1,3,6,3,2,1,2,4,3,3,2,2,0,5,4,3,2,0,2,5,3,3,11,1,9,3,8,3,7,5,8,5,5,4,9,6,5,3,7,7,4,1,7,7,8,3,444
ITEM-0QTY​,TS Thái đỏ L,0,0,0,0,0,0,0,0,0,0,0,0,0,0,0,0,0,0,0,0,0,0,0,0,0,0,0,0,0,0,0,0,0,0,0,1,4,0,3,1,9,12,9,10,17,3,7,9,0,2,0,1,2,1,1,2,3,2,0,2,2,0,1,2,1,5,5,7,0,1,1,4,1,1,2,1,0,1,2,1,2,0,0,1,1,0,4,0,1,0,1,1,0,2,1,1,0,1,2,1,0,1,1,0,0,3,0,0,0,0,0,0,0,1,4,1,1,1,0,0,171
ITEM-K2WA​,T.Lài xí muội L,0,0,0,0,0,0,0,0,0,0,0,0,0,0,0,0,0,0,0,0,0,0,0,0,0,0,0,0,0,0,0,0,0,1,1,1,2,2,1,3,2,3,3,4,10,1,2,7,1,0,1,1,0,0,0,6,1,1,1,2,1,1,2,4,2,2,2,1,0,0,1,0,1,2,2,0,0,1,1,1,2,1,0,0,1,0,0,4,2,0,2,2,1,0,0,0,1,0,0,0,1,1,0,0,0,2,1,2,4,0,2,1,1,1,3,0,2,1,1,2,122
ITEM-TWVO​,T.Lài đào M,0,0,0,0,0,0,0,0,0,0,0,0,0,0,0,0,0,0,0,0,0,0,0,0,0,0,0,0,0,0,0,0,0,1,0,0,2,0,1,2,1,3,1,2,2,1,1,0,3,0,2,2,0,0,1,3,0,0,1,1,3,1,1,0,1,1,0,2,2,7,0,1,2,1,0,0,4,0,1,0,4,1,1,6,0,0,0,0,2,2,2,0,0,0,1,2,0,1,2,3,4,1,1,2,3,3,4,3,1,1,7,3,2,2,1,4,2,5,2,2,137
ITEM-604V​,T.Lài tắc thạch trái cây M,0,0,0,0,0,0,0,0,0,0,0,0,0,0,0,0,0,0,0,0,0,0,0,0,0,0,0,0,0,0,0,0,0,2,2,3,0,1,1,0,1,0,1,2,1,2,2,0,3,2,1,3,2,0,0,3,2,0,2,0,0,0,7,2,1,1,1,0,0,3,2,1,2,1,0,1,3,4,2,3,0,0,4,3,3,1,0,1,0,1,0,0,3,0,3,1,0,1,0,1,5,2,4,6,4,0,2,1,3,6,3,3,1,2,4,2,2,3,3,0,148
ITEM-X318​,Kem sữa phô mai,0,0,0,0,0,0,0,0,0,0,0,0,0,0,0,0,0,0,0,0,0,0,0,0,0,0,0,0,0,0,0,0,0,3,4,0,4,0,3,5,3,2,3,5,6,4,5,8,4,3,3,6,1,4,4,7,2,5,2,2,7,3,4,9,8,5,4,6,2,3,0,0,1,3,2,5,2,2,1,1,2,2,1,1,2,1,2,1,4,3,0,0,3,1,2,2,3,2,3,5,2,3,4,3,4,5,2,5,2,4,3,3,3,2,3,4,7,0,1,0,266
ITEM-2H61​,Siêu cute nhân sốt chảy S,0,0,0,0,0,0,0,0,0,0,0,0,0,0,0,0,0,0,0,0,0,0,0,0,0,0,0,0,0,0,0,0,0,0,0,2,0,3,3,0,5,5,5,3,5,4,2,5,5,2,1,4,6,2,0,2,5,1,3,4,5,5,7,3,5,7,2,4,2,0,2,0,5,4,3,3,2,1,0,2,1,0,3,3,0,1,3,0,2,6,5,1,5,0,6,0,2,5,1,5,0,4,3,1,3,3,0,4,4,6,2,5,0,3,5,4,3,3,3,0,244
ITEM-Q2Y9​,Khúc bạch tầng,0,0,0,0,0,0,0,0,0,0,0,0,0,0,0,0,0,0,0,0,0,0,0,0,0,0,0,0,0,0,0,0,0,2,6,1,5,6,5,6,5,8,3,2,7,6,7,2,4,6,5,3,5,4,8,6,6,5,5,8,5,3,1,1,3,3,2,0,3,5,4,3,3,3,1,1,2,4,7,0,3,4,1,1,3,3,1,3,3,3,0,0,6,3,1,0,4,1,2,1,0,1,3,7,2,4,2,7,3,3,3,6,4,3,6,1,5,4,2,0,299
ITEM-4VR7​,Sữa tươi socola trân châu đường đen M,0,0,0,0,0,0,0,0,0,0,0,0,0,0,0,0,0,0,0,0,0,0,0,0,0,0,0,0,0,0,0,0,0,3,3,0,3,1,2,1,0,1,1,0,0,0,1,1,1,0,0,3,3,0,1,0,1,2,2,2,0,0,1,1,0,0,1,1,1,1,2,2,1,0,0,0,1,1,1,0,0,0,0,0,0,0,0,2,1,0,0,0,0,1,2,0,0,0,0,1,3,1,4,5,8,6,9,6,4,2,1,4,2,5,1,0,2,0,2,0,118
ITEM-23Z2​,TS Thái đỏ M,0,0,0,0,0,0,0,0,0,0,0,0,0,0,0,0,0,0,0,0,0,0,0,0,0,0,0,0,0,0,0,0,0,1,1,2,3,0,3,3,1,2,2,1,2,0,0,3,0,0,2,0,2,2,2,2,0,1,2,3,1,2,4,0,0,4,3,2,0,5,2,2,2,0,1,7,3,2,1,0,1,0,5,0,2,2,0,0,0,4,3,0,0,0,1,0,4,4,1,0,2,0,3,6,2,1,2,3,0,0,2,2,1,0,2,1,4,2,4,1,146
ITEM-QG88​,Full Pudding - Trà Sữa Thái Xanh,0,0,0,0,0,0,0,0,0,0,0,0,0,0,0,0,0,0,0,0,0,0,0,0,0,0,0,0,0,0,0,0,0,1,0,1,0,1,1,0,0,0,0,1,0,3,1,1,1,1,1,0,2,1,0,3,0,0,0,1,1,1,1,1,0,0,2,2,0,1,1,0,0,0,2,0,0,0,0,0,0,0,0,0,0,0,0,1,0,1,1,1,0,1,2,1,2,1,0,0,1,0,0,1,1,4,0,4,1,0,0,2,0,1,0,0,1,0,1,1,61
ITEM-1DLS​,Full Pudding - Trà Sữa Sô Cô La,0,0,0,0,0,0,0,0,0,0,0,0,0,0,0,0,0,0,0,0,0,0,0,0,0,0,0,0,0,0,0,0,0,0,2,1,1,0,1,0,2,1,1,0,2,0,0,0,0,0,2,0,1,1,1,0,0,4,0,2,2,0,2,1,0,0,0,0,0,1,0,1,0,0,0,2,0,0,0,0,0,0,0,0,1,0,1,0,0,3,0,0,3,0,0,0,0,1,1,2,0,1,0,1,0,0,1,2,2,1,0,0,0,0,0,1,1,4,2,0,59
ITEM-I3WZ​,Nước mắt nàng tiên cá,0,0,0,0,0,0,0,0,0,0,0,0,0,0,0,0,0,0,0,0,0,0,0,0,0,0,0,0,0,0,0,0,0,2,1,3,2,3,3,3,2,3,3,2,10,4,3,2,0,4,6,0,2,3,4,2,5,1,1,2,0,3,4,3,2,4,1,4,0,3,2,3,2,2,4,2,4,2,3,1,1,5,3,3,0,3,6,7,2,4,0,0,0,2,0,3,2,4,2,3,7,1,6,5,5,3,5,6,1,4,6,8,5,4,4,4,3,0,3,1,256
ITEM-ZTEE​,Sữa tươi socola trân châu đường đen L,0,0,0,0,0,0,0,0,0,0,0,0,0,0,0,0,0,0,0,0,0,0,0,0,0,0,0,0,0,0,0,0,0,1,1,0,1,0,0,0,10,5,3,4,9,5,11,8,2,1,2,0,1,0,1,0,0,2,2,0,0,0,0,1,0,2,0,0,1,0,1,0,0,0,0,3,0,0,1,0,1,0,1,0,0,2,1,1,0,4,1,1,0,0,0,0,1,1,0,2,0,0,0,0,0,0,0,0,0,0,0,0,0,1,0,0,0,1,0,0,96
ITEM-DU3A​,TS Truyền thống L,12,4,3,4,4,9,4,5,1,2,11,3,6,4,11,2,1,7,4,4,1,6,10,2,7,3,0,0,0,0,0,0,0,0,0,0,0,0,0,0,0,0,0,0,0,0,0,0,0,0,0,0,0,0,0,0,0,0,0,0,0,0,0,0,0,0,0,0,0,0,0,0,0,0,0,0,0,0,0,0,0,0,0,0,0,0,0,0,0,0,0,0,0,0,0,0,0,0,0,0,0,0,0,0,0,0,0,0,0,0,0,0,0,0,0,0,0,0,0,0,130
ITEM-ARXG​,Thạch ngọc trai phô mai,0,0,0,0,0,0,0,0,0,0,0,0,0,0,0,0,0,0,0,0,0,0,0,0,0,0,0,0,0,0,0,0,0,1,4,3,2,1,3,6,2,3,2,2,2,1,7,4,5,0,2,4,0,4,1,6,3,3,4,9,6,5,2,3,2,3,9,4,3,3,1,2,1,1,5,3,3,1,4,0,3,1,3,4,0,1,7,1,1,2,0,3,1,3,2,2,0,1,0,4,1,2,4,8,0,3,1,2,5,3,3,3,3,4,4,1,8,2,6,1,248
ITEM-4V4W​,Full Topping - Trà Lài Sữa,0,0,0,0,0,0,0,0,0,0,0,0,0,0,0,0,0,0,0,0,0,0,0,0,0,0,0,0,0,0,0,0,0,0,1,0,0,0,0,1,0,0,0,1,2,0,1,0,2,0,0,0,0,0,1,0,2,2,0,0,1,1,0,3,1,1,1,0,0,0,0,1,0,3,0,0,0,0,0,0,0,0,1,0,0,1,1,0,0,0,1,0,2,0,2,0,1,2,1,0,2,2,1,0,0,2,0,1,1,0,0,2,0,0,3,0,3,1,1,0,56
ITEM-66OB​,Full Pudding - Trà Lài Sữa,0,0,0,0,0,0,0,0,0,0,0,0,0,0,0,0,0,0,0,0,0,0,0,0,0,0,0,0,0,0,0,0,0,0,1,0,0,0,1,0,0,0,0,0,3,0,0,1,3,0,1,1,3,1,0,0,0,1,1,0,5,0,0,0,0,0,1,2,0,0,2,0,0,0,0,1,0,0,0,0,1,0,0,1,0,0,2,0,0,1,0,1,3,0,1,1,0,2,1,1,0,1,2,0,0,1,1,1,0,0,0,0,0,0,0,1,1,0,1,0,52
ITEM-2NSL​,Siêu cute nhân sốt chảy L,0,0,0,0,0,0,0,0,0,0,0,0,0,0,0,0,0,0,0,0,0,0,0,0,0,0,0,0,0,0,0,0,0,0,0,1,2,2,1,4,1,6,2,3,3,0,4,1,4,3,3,1,4,2,4,5,0,1,1,1,0,1,2,1,3,0,1,1,0,2,0,0,4,0,0,1,1,1,0,1,2,1,0,0,0,1,1,1,1,2,1,0,1,0,0,4,1,0,1,0,3,1,2,2,2,0,1,2,3,4,1,1,1,2,1,2,1,1,1,0,126
ITEM-H8MU​,T.Lài xí muội M,0,0,0,0,0,0,0,0,0,0,0,0,0,0,0,0,0,0,0,0,0,0,0,0,0,0,0,0,0,0,0,0,0,1,1,1,1,2,2,1,1,2,1,0,0,0,0,2,1,2,0,1,1,0,2,1,0,1,1,1,0,2,4,2,2,1,2,0,0,1,1,2,2,0,0,1,0,1,0,0,2,0,0,1,0,1,1,0,0,2,0,1,3,0,0,0,0,1,0,1,5,1,0,2,4,0,1,4,2,0,0,1,0,5,0,0,0,1,1,1,88
ITEM-KXXR​,TS Choco mint L,0,0,0,0,0,0,0,0,0,0,0,0,0,0,0,0,0,0,0,0,0,0,0,0,0,0,0,0,0,0,0,0,0,0,0,0,2,0,2,2,2,6,6,6,1,3,3,5,0,4,1,2,0,0,1,4,2,0,0,5,2,0,0,1,1,0,1,0,0,1,2,0,0,0,0,0,1,0,0,0,0,0,0,0,0,0,1,0,0,0,0,0,1,1,0,1,0,0,0,0,0,0,3,1,0,0,0,1,0,3,1,2,1,0,1,0,0,0,0,1,84
ITEM-RCA5​,Full Topping - Trà Sữa Thái Xanh,0,0,0,0,0,0,0,0,0,0,0,0,0,0,0,0,0,0,0,0,0,0,0,0,0,0,0,0,0,0,0,0,0,0,0,1,2,1,1,1,0,1,0,1,2,1,0,0,0,4,0,1,0,1,2,1,0,0,0,0,0,0,2,0,0,1,2,0,0,1,0,0,1,0,0,0,0,0,0,0,0,0,0,0,0,1,0,0,0,1,1,0,0,0,2,0,1,0,0,1,0,1,1,1,0,1,0,3,2,0,0,2,0,1,0,2,1,1,0,1,51
ITEM-5OI8​,Full Topping - Trà Sữa Sô Cô La,0,0,0,0,0,0,0,0,0,0,0,0,0,0,0,0,0,0,0,0,0,0,0,0,0,0,0,0,0,0,0,0,0,0,0,0,1,0,1,1,0,0,0,1,0,0,0,0,3,0,1,0,0,1,1,4,1,3,0,1,3,1,2,0,0,0,1,1,0,1,1,0,0,0,0,0,0,0,0,0,0,0,0,0,0,0,0,0,1,2,0,0,1,0,1,0,0,0,0,2,0,1,0,0,2,0,0,0,2,2,2,0,1,0,1,0,0,2,1,1,51
ITEM-RE5H​,TS Matcha L,0,0,0,0,0,0,0,0,0,0,0,0,0,0,0,0,0,0,0,0,0,0,0,0,0,0,0,0,0,0,0,0,0,0,0,2,1,1,2,1,3,1,2,0,3,0,0,0,0,0,1,2,1,1,3,0,2,1,0,3,2,1,3,0,1,5,0,0,0,0,0,0,0,1,0,0,0,0,0,0,0,1,0,0,0,2,0,0,1,2,1,0,2,0,0,0,2,0,0,0,0,0,0,0,1,0,0,1,0,2,0,2,0,2,1,1,1,0,0,0,65
ITEM-CFC7​,TS Matcha M,0,0,0,0,0,0,0,0,0,0,0,0,0,0,0,0,0,0,0,0,0,0,0,0,0,0,0,0,0,0,0,0,0,1,0,3,3,0,0,1,1,3,0,0,0,2,2,3,2,0,2,2,0,2,2,2,0,1,1,1,0,0,1,2,2,2,1,2,1,0,0,1,2,0,1,1,1,1,2,0,2,0,1,0,1,0,0,0,0,3,0,0,1,0,2,1,1,1,0,0,0,0,0,0,0,0,0,0,0,0,0,2,1,3,0,0,1,2,0,0,76
ITEM-UQ5C​,Upsize L,0,0,0,0,0,0,0,0,0,0,0,0,0,0,0,0,0,0,0,0,0,0,0,0,0,0,0,0,0,0,0,0,0,0,0,0,0,0,0,0,0,0,0,0,0,0,0,8,0,0,0,0,0,0,11,0,0,0,0,0,0,21,0,0,0,0,0,0,13,0,0,0,0,0,0,10,0,0,0,0,0,0,24,0,0,0,0,0,0,23,0,0,0,0,0,0,33,0,1,0,22,7,4,28,16,17,20,28,16,9,29,22,13,20,15,43,15,33,33,7,541
ITEM-ZBV3​,Sương Sáo,0,0,0,0,0,0,0,0,0,0,0,0,0,0,0,0,0,0,0,0,0,0,0,0,0,0,0,0,0,0,0,0,0,2,1,2,2,1,3,2,2,0,1,4,1,1,1,1,4,9,7,3,2,5,6,8,7,4,3,4,9,6,3,3,4,3,7,5,2,10,3,9,4,1,3,10,3,3,2,4,1,3,9,3,0,5,5,4,5,5,5,3,2,2,4,2,5,3,4,6,3,4,7,7,4,6,16,6,5,1,4,3,1,4,5,7,6,9,2,1,357
ITEM-AKWW​,Jelly Caphe Phômai,0,0,0,0,0,0,0,0,0,0,0,0,0,0,0,0,0,0,0,0,0,0,0,0,0,0,0,0,0,0,0,0,0,3,3,3,1,3,3,4,3,7,1,1,6,3,3,4,2,2,2,3,2,1,2,6,3,1,7,5,3,1,5,5,2,4,4,2,1,8,3,1,1,1,2,3,5,4,2,2,1,3,0,1,3,3,4,2,3,6,1,1,3,1,4,2,4,2,5,2,4,2,8,3,3,5,0,5,2,0,2,1,1,3,5,1,2,6,5,1,253
ITEM-0V4G​,TS Truyền thống M,3,4,5,7,6,4,5,4,7,5,6,6,12,5,8,4,2,6,1,5,4,2,10,3,2,5,0,0,0,0,0,0,0,0,0,0,0,0,0,0,0,0,0,0,0,0,0,0,0,0,0,0,0,0,0,0,0,0,0,0,0,0,0,0,0,0,0,0,0,0,0,0,0,0,0,0,0,0,0,0,0,0,0,0,0,0,0,0,0,0,0,0,0,0,0,0,0,0,0,0,0,0,0,0,0,0,0,0,0,0,0,0,0,0,0,0,0,0,0,0,131
ITEM-W40S​,Pudding trứng,0,0,0,0,0,0,0,0,0,0,0,0,0,0,0,0,0,0,0,0,0,0,0,0,0,0,0,0,0,0,0,0,0,2,1,5,4,3,3,5,3,5,2,10,7,0,3,6,2,4,7,3,5,1,5,5,2,3,7,2,4,4,5,4,2,3,8,8,0,3,3,1,3,2,5,3,5,1,1,0,1,2,1,0,0,3,0,0,1,3,4,2,1,2,3,4,1,3,3,4,0,2,5,4,1,4,3,2,1,3,6,4,1,0,5,4,2,0,1,0,256
ITEM-U2JZ​,Pudding phô mai,0,0,0,0,0,0,0,0,0,0,0,0,0,0,0,0,0,0,0,0,0,0,0,0,0,0,0,0,0,0,0,0,0,2,0,4,1,3,6,5,2,3,3,3,6,1,5,3,1,1,8,0,4,2,5,0,3,0,1,2,2,1,2,3,1,2,6,0,4,3,1,1,2,4,2,5,1,1,2,0,0,0,2,2,3,2,3,2,0,3,2,1,0,1,3,2,0,1,3,1,2,1,2,4,2,3,2,5,2,1,2,2,2,1,4,0,0,0,4,1,188
ITEM-0DXF​,Full Pudding - Trà Sữa Thái Đỏ,0,0,0,0,0,0,0,0,0,0,0,0,0,0,0,0,0,0,0,0,0,0,0,0,0,0,0,0,0,0,0,0,0,0,0,0,0,1,0,0,0,0,0,0,2,0,1,0,1,0,2,0,0,0,0,1,0,0,0,0,0,0,0,1,0,1,0,1,0,1,0,1,0,0,0,2,0,0,0,0,0,0,0,0,0,0,0,4,0,1,1,0,0,2,0,0,1,1,1,1,0,0,1,1,1,0,1,2,1,1,0,0,2,0,0,1,2,1,0,0,41
ITEM_N5JT​,Cheese ball,8,3,9,11,6,11,11,2,5,3,7,9,14,6,11,8,3,8,9,9,6,8,6,4,4,8,0,0,0,0,0,0,0,0,0,0,0,0,0,0,0,0,0,0,0,0,0,0,0,0,0,0,0,0,0,0,0,0,0,0,0,0,0,0,0,0,0,0,0,0,0,0,0,0,0,0,0,0,0,0,0,0,0,0,0,0,0,0,0,0,0,0,0,0,0,0,0,0,0,0,0,0,0,0,0,0,0,0,0,0,0,0,0,0,0,0,0,0,0,0,189
ITEM-NGJV​,BQ Sốt Kem Phô Mai Mặn,0,0,0,0,0,0,0,0,0,0,0,0,0,0,0,0,0,0,0,0,0,0,0,0,0,0,0,0,0,0,0,0,0,0,0,0,0,0,2,0,0,0,0,0,1,0,1,1,0,1,2,0,1,1,2,0,1,3,1,3,0,0,0,0,0,2,1,0,0,0,0,0,1,8,0,0,0,1,2,0,0,3,1,0,0,0,2,0,0,1,0,0,0,0,0,0,0,0,0,0,0,1,1,0,0,0,0,0,1,1,1,0,1,0,1,0,4,0,0,1,54
ITEM-35S8​,Donut nhân sốt chảy,0,0,0,0,0,0,0,0,0,0,0,0,0,0,0,0,0,0,0,0,0,0,0,0,0,0,0,0,0,0,0,0,0,0,0,0,0,0,0,0,0,0,0,0,0,1,3,0,0,1,4,0,1,3,0,0,0,0,0,3,2,0,2,1,5,0,1,3,1,1,0,0,3,1,2,1,0,0,1,0,0,1,1,0,0,2,1,2,1,2,0,2,1,0,2,0,2,1,2,2,0,1,5,0,1,0,1,1,2,3,3,1,0,2,4,1,2,2,0,0,91
ITEM-A5VU​,TS Thái xanh L,8,8,6,2,7,2,7,2,4,1,5,2,6,2,3,3,1,0,3,1,3,1,2,3,1,2,0,0,0,0,0,0,0,0,0,0,0,0,0,0,0,0,0,0,0,0,0,0,0,0,0,0,0,0,0,0,0,0,0,0,0,0,0,0,0,0,0,0,0,0,0,0,0,0,0,0,0,0,0,0,0,0,0,0,0,0,0,0,0,0,0,0,0,0,0,0,0,0,0,0,0,0,0,0,0,0,0,0,0,0,0,0,0,0,0,0,0,0,0,0,85
ITEM-2GIC​,TS Choco mint M,0,0,0,0,0,0,0,0,0,0,0,0,0,0,0,0,0,0,0,0,0,0,0,0,0,0,0,0,0,0,0,0,0,0,0,0,0,1,0,2,1,1,0,0,0,1,1,0,3,0,1,0,2,0,3,0,0,0,0,1,0,2,0,0,0,0,0,3,0,2,2,1,0,0,0,1,0,0,0,0,1,0,1,0,2,0,0,0,0,3,2,0,0,0,0,0,0,0,1,0,3,0,1,5,0,2,2,1,0,3,3,2,0,0,0,0,0,3,2,0,65
ITEM-XLSG​,Khúc bạch chân mèo,14,9,8,9,15,10,7,7,6,7,8,5,12,6,12,4,2,2,8,6,2,4,11,5,1,3,0,0,0,0,0,0,0,0,0,0,0,0,0,0,0,0,0,0,0,0,0,0,0,0,0,0,0,0,0,0,0,0,0,0,0,0,0,0,0,0,0,0,0,0,0,0,0,0,0,0,0,0,0,0,0,0,0,0,0,0,0,0,0,0,0,0,0,0,0,0,0,0,0,0,0,0,0,0,0,0,0,0,0,0,0,0,0,0,0,0,0,0,0,0,183
ITEM-Y5GO​,TS Truyền thống trân châu đường đen M,1,0,0,1,1,0,6,1,2,1,4,2,0,4,1,5,2,0,10,0,14,5,0,0,3,1,0,0,0,0,0,0,0,0,0,0,0,0,0,0,0,0,0,0,0,0,0,0,0,0,0,0,0,0,0,0,0,0,0,0,0,0,0,0,0,0,0,0,0,0,0,0,0,0,0,0,0,0,0,0,0,0,0,0,0,0,0,0,0,0,0,0,0,0,0,0,0,0,0,0,0,0,0,0,0,0,0,0,0,0,0,0,0,0,0,0,0,0,0,0,64
ITEM-QN01​,Pudding socola,0,0,0,0,0,0,0,0,0,0,0,0,0,0,0,0,0,0,0,0,0,0,0,0,0,0,0,0,0,0,0,0,0,2,1,1,1,1,5,4,0,1,2,0,3,3,2,3,2,2,4,2,4,5,3,5,3,2,0,3,3,5,2,2,3,0,2,1,2,6,2,0,4,1,0,3,2,1,1,0,4,1,0,0,1,3,3,5,3,2,1,0,5,0,2,0,1,0,1,2,1,1,4,1,1,4,4,5,1,5,2,1,1,1,3,0,5,2,3,0,183
ITEM-ECGR​,Hoa Lài Dưa Lưới L,1,1,5,0,2,3,1,1,3,1,4,1,0,3,3,6,0,0,4,1,3,2,1,1,0,0,0,0,0,0,0,0,0,0,0,0,0,0,0,0,0,0,0,0,0,0,0,0,0,0,0,0,0,0,0,0,0,0,0,0,0,0,0,0,0,0,0,0,0,0,0,0,0,0,0,0,0,0,0,0,0,0,0,0,0,0,0,0,0,0,0,0,0,0,0,0,0,0,0,0,0,0,0,0,0,0,0,0,0,0,0,0,0,0,0,0,0,0,0,0,47
ITEM-JXY6​,Full Topping - Trà Sữa Matcha,0,0,0,0,0,0,0,0,0,0,0,0,0,0,0,0,0,0,0,0,0,0,0,0,0,0,0,0,0,0,0,0,0,0,0,0,0,1,1,1,0,0,0,2,0,0,0,0,0,0,0,1,1,0,0,0,1,1,0,0,0,0,0,1,1,0,1,1,0,1,0,0,0,0,0,0,0,0,0,0,0,0,0,0,0,0,0,0,0,1,0,1,0,0,0,0,0,0,0,1,0,3,1,2,1,0,1,0,1,1,1,1,0,1,0,0,0,1,0,0,31
ITEM-C600​,Sữa tươi trân châu đường đen M,3,1,0,0,2,5,2,4,2,2,5,0,4,7,1,2,1,2,3,1,2,1,7,1,0,0,0,0,0,0,0,0,0,0,0,0,0,0,0,0,0,0,0,0,0,0,0,0,0,0,0,0,0,0,0,0,0,0,0,0,0,0,0,0,0,0,0,0,0,0,0,0,0,0,0,0,0,0,0,0,0,0,0,0,0,0,0,0,0,0,0,0,0,0,0,0,0,0,0,0,0,0,0,0,0,0,0,0,0,0,0,0,0,0,0,0,0,0,0,0,58
ITEM-6NE6​,Trà Sữa Espresso,0,0,0,0,0,0,0,0,0,0,0,0,0,0,0,0,0,0,0,0,0,0,0,0,0,0,0,0,0,0,0,0,0,0,0,0,0,0,0,0,0,0,1,0,0,0,0,1,1,0,2,2,2,0,1,2,0,2,1,0,0,1,1,2,0,3,2,0,0,1,0,0,0,0,0,0,0,0,0,1,0,0,0,0,0,0,0,0,0,1,1,0,0,1,0,0,1,0,0,0,0,0,1,0,0,0,0,0,0,0,0,0,0,0,0,0,0,0,0,0,31
ITEM-O5CN​,Trân châu caramel,0,0,0,0,0,0,0,0,0,0,0,0,0,0,0,0,0,0,0,0,0,0,0,0,0,0,0,0,0,0,0,0,0,1,1,2,3,0,4,7,3,4,4,2,0,1,5,2,1,1,2,3,4,7,1,6,1,2,0,6,4,3,2,1,3,3,4,3,1,2,5,1,1,1,3,7,2,0,0,0,0,0,3,0,2,1,0,2,0,3,0,0,1,0,4,1,2,2,1,1,0,1,4,3,0,4,3,2,1,2,2,0,0,4,5,3,2,1,3,3,185
ITEM-1UMO​,Olong lài sữa trân châu olong L,4,4,2,3,1,1,1,0,0,5,0,1,0,0,3,0,6,0,0,0,0,2,1,4,1,0,0,0,0,0,0,0,0,0,0,0,0,0,0,0,0,0,0,0,0,0,0,0,0,0,0,0,0,0,0,0,0,0,0,0,0,0,0,0,0,0,0,0,0,0,0,0,0,0,0,0,0,0,0,0,0,0,0,0,0,0,0,0,0,0,0,0,0,0,0,0,0,0,0,0,0,0,0,0,0,0,0,0,0,0,0,0,0,0,0,0,0,0,0,0,39
ITEM-X1VV​,TS Truyền thống trân châu đường đen L,4,3,1,1,0,0,3,1,2,1,4,3,0,1,3,3,2,1,4,2,0,0,1,3,1,1,0,0,0,0,0,0,0,0,0,0,0,0,0,0,0,0,0,0,0,0,0,0,0,0,0,0,0,0,0,0,0,0,0,0,0,0,0,0,0,0,0,0,0,0,0,0,0,0,0,0,0,0,0,0,0,0,0,0,0,0,0,0,0,0,0,0,0,0,0,0,0,0,0,0,0,0,0,0,0,0,0,0,0,0,0,0,0,0,0,0,0,0,0,0,45
ITEM-SHKT​,Trân châu mật ong,0,0,0,0,0,0,0,0,0,0,0,0,0,0,0,0,0,0,0,0,0,0,0,0,0,0,0,0,0,0,0,0,0,3,2,1,1,0,0,4,0,5,0,0,2,1,2,1,2,1,5,2,1,3,1,7,0,6,0,5,5,1,2,2,2,0,3,4,1,0,2,0,0,0,1,2,0,0,0,0,1,1,0,0,0,0,2,2,0,2,2,0,2,1,5,0,1,1,2,1,1,0,0,10,0,1,2,6,1,2,2,2,0,3,5,3,3,3,3,0,150
ITEM_RBGP​,Phô mai viên,6,6,5,0,12,1,8,9,9,5,11,10,9,6,4,8,4,4,0,5,4,8,3,0,0,0,0,0,0,0,0,0,0,0,0,0,0,0,0,0,0,0,0,0,0,0,0,0,0,0,0,0,0,0,0,0,0,0,0,0,0,0,0,0,0,0,0,0,0,0,0,0,0,0,0,0,0,0,0,0,0,0,0,0,0,0,0,0,0,0,0,0,0,0,0,0,0,0,0,0,0,0,0,0,0,0,0,0,0,0,0,0,0,0,0,0,0,0,0,0,137
ITEM-9OLM​,Full Topping - Trà Sữa Thái Đỏ,0,0,0,0,0,0,0,0,0,0,0,0,0,0,0,0,0,0,0,0,0,0,0,0,0,0,0,0,0,0,0,0,0,1,0,0,0,1,0,0,0,0,0,0,0,0,2,0,0,3,0,0,1,1,1,0,0,0,0,1,2,0,1,0,0,0,1,0,0,0,1,0,0,0,0,1,0,0,0,0,0,0,0,0,0,0,0,0,0,0,0,0,0,0,0,0,0,0,0,0,0,1,0,0,1,1,0,0,0,0,2,0,0,0,0,1,0,0,2,15,40
ITEM-N00V​,TRÀ SỮA GẠO RANG M,0,0,0,0,0,0,0,0,0,0,0,0,0,0,0,0,0,0,0,0,0,0,0,0,0,0,0,0,0,0,0,0,0,0,0,0,0,0,0,0,0,0,0,0,0,0,0,0,0,0,0,0,0,0,0,0,0,0,0,0,0,0,0,0,0,0,0,0,0,0,0,0,0,0,0,0,0,0,0,0,0,0,0,0,0,0,0,0,0,0,0,0,0,0,0,0,0,0,0,1,1,1,1,0,4,6,1,2,4,1,2,7,2,2,3,1,5,2,1,2,49
ITEM-LEZM​,Full Pudding - Trà Matcha,0,0,0,0,0,0,0,0,0,0,0,0,0,0,0,0,0,0,0,0,0,0,0,0,0,0,0,0,0,0,0,0,0,0,0,1,2,0,0,0,0,1,1,1,0,0,0,0,0,0,0,0,0,0,0,2,0,0,0,0,0,0,0,2,0,0,1,0,0,0,0,0,0,0,1,0,0,0,0,0,0,0,0,0,0,1,0,0,1,0,0,0,1,0,1,1,0,0,0,0,0,0,0,0,0,0,2,1,3,1,0,0,0,0,0,1,0,0,0,0,25
ITEM-OANQ​,Buffet Topping 0 Đá - Trà Truyền Thống,0,0,0,0,0,0,0,0,0,0,0,0,0,0,0,0,0,0,0,0,0,0,0,0,0,0,0,0,0,0,0,0,0,0,0,0,0,1,0,0,0,0,0,0,0,0,0,0,0,1,0,0,0,0,2,0,1,0,0,0,0,0,0,0,0,2,0,0,0,0,0,0,2,0,0,0,0,0,0,0,0,1,1,0,0,0,1,0,0,0,1,0,1,0,2,0,1,0,0,0,2,0,0,2,0,0,0,0,0,0,1,0,0,0,0,0,0,0,0,0,22
ITEM-D1ZS​,Sữa tươi trân châu đường đen L,0,6,3,2,2,3,1,4,0,1,0,0,1,0,2,3,2,0,1,0,0,0,8,0,2,0,0,0,0,0,0,0,0,0,0,0,0,0,0,0,0,0,0,0,0,0,0,0,0,0,0,0,0,0,0,0,0,0,0,0,0,0,0,0,0,0,0,0,0,0,0,0,0,0,0,0,0,0,0,0,0,0,0,0,0,0,0,0,0,0,0,0,0,0,0,0,0,0,0,0,0,0,0,0,0,0,0,0,0,0,0,0,0,0,0,0,0,0,0,0,41
ITEM-826C​,Trà ổi hồng L,3,2,3,1,3,1,0,0,0,0,3,0,0,1,4,2,0,2,2,0,0,1,3,1,3,0,0,0,0,0,1,0,0,0,0,0,0,0,0,0,0,0,0,0,0,0,0,0,0,0,0,0,0,0,0,0,0,0,0,0,0,0,0,0,0,0,0,0,0,0,0,0,0,0,0,0,0,0,0,0,0,0,0,0,0,0,0,0,0,0,0,0,0,0,0,0,0,0,0,0,0,0,0,0,0,0,0,0,0,0,0,0,0,0,0,0,0,0,0,0,36
ITEM-FNAH​,Trân châu đường đen,10,8,8,3,7,11,5,6,5,6,13,3,16,4,6,10,3,5,5,10,8,3,11,1,5,2,0,0,0,0,0,0,0,0,0,0,0,0,0,0,0,0,0,0,0,0,0,0,0,0,0,0,0,0,0,0,0,0,0,0,0,0,0,0,0,0,0,0,0,0,0,0,0,0,0,0,0,0,0,0,0,0,0,0,0,0,0,0,0,0,0,0,0,0,0,0,0,0,0,0,0,0,0,0,0,0,0,0,0,0,0,0,0,0,0,0,0,0,0,0,174
ITEM-0KNS​,Olong lài sữa trân châu olong M,2,1,0,1,0,3,2,0,2,1,1,2,2,4,3,0,1,3,1,0,2,3,0,0,1,1,0,0,0,0,0,0,0,0,0,0,0,0,0,0,0,0,0,0,0,0,0,0,0,0,0,0,0,0,0,0,0,0,0,0,0,0,0,0,0,0,0,0,0,0,0,0,0,0,0,0,0,0,0,0,0,0,0,0,0,0,0,0,0,0,0,0,0,0,0,0,0,0,0,0,0,0,0,0,0,0,0,0,0,0,0,0,0,0,0,0,0,0,0,0,36
ITEM-19BN​,BQ Sốt Kem Sữa Phô Mai,0,0,0,0,0,0,0,0,0,0,0,0,0,0,0,0,0,0,0,0,0,0,0,0,0,0,0,0,0,0,0,0,0,0,0,0,0,0,2,0,2,1,2,2,1,1,3,1,0,0,2,0,0,1,0,0,0,0,0,0,0,1,0,0,1,0,1,3,1,0,0,0,0,0,0,1,0,0,0,0,0,1,0,1,0,0,0,0,0,0,0,0,0,0,1,0,0,0,1,0,0,1,0,0,0,0,1,0,0,1,3,0,0,0,0,0,0,0,0,0,36
ITEM-ZSEE​,TS Thái xanh M,3,5,3,3,3,2,7,1,3,2,4,0,3,2,5,7,1,3,1,3,1,1,4,1,0,3,0,0,0,0,0,0,0,0,0,0,0,0,0,0,0,0,0,0,0,0,0,0,0,0,0,0,0,0,0,0,0,0,0,0,0,0,0,0,0,0,0,0,0,0,0,0,0,0,0,0,0,0,0,0,0,0,0,0,0,0,0,0,0,0,0,0,0,0,0,0,0,0,0,0,0,0,0,0,0,0,0,0,0,0,0,0,0,0,0,0,0,0,0,0,71
ITEM-GCXC​,Kem dừa nướng,0,0,0,0,0,0,0,0,0,0,0,0,0,0,0,0,0,0,0,0,0,0,0,0,0,0,0,0,0,0,0,0,0,1,2,3,3,1,3,3,1,5,0,2,1,0,7,0,2,2,2,2,1,2,2,2,0,1,3,2,2,2,2,0,2,1,3,4,0,1,3,1,3,3,0,2,3,0,0,0,1,0,0,1,0,0,0,0,1,0,0,0,1,1,2,1,2,0,1,1,4,0,1,0,2,0,1,1,0,2,2,2,0,0,3,0,3,0,0,0,118
ITEM_GQ0H​,Trà mãng cầu L,4,1,0,0,0,2,0,1,0,4,0,1,2,0,2,3,0,0,1,3,0,1,1,0,1,0,0,0,0,0,0,0,0,0,0,0,0,0,0,0,0,0,0,0,0,0,0,0,0,0,0,0,0,0,0,0,0,0,0,0,0,0,0,0,0,0,0,0,0,0,0,0,0,0,0,0,0,0,0,0,0,0,0,0,0,0,0,0,0,0,0,0,0,0,0,0,0,0,0,0,0,0,0,0,0,0,0,0,0,0,0,0,0,0,0,0,0,0,0,0,27
ITEM-H9D3​,Thạch cafe,0,0,0,0,0,0,0,0,0,0,0,0,0,0,0,0,0,0,0,0,0,0,0,0,0,0,0,0,0,0,0,0,0,1,0,2,1,2,5,0,0,2,4,1,1,0,0,3,0,0,1,1,2,0,0,4,4,2,4,3,0,4,2,1,1,2,2,1,1,0,2,0,4,1,2,2,2,3,1,0,0,2,0,3,0,0,1,0,0,1,3,0,1,0,3,1,1,0,1,2,1,1,3,1,1,2,0,1,1,1,0,3,1,1,1,1,3,2,1,1,119
ITEM_L7GE​,Thạch trà thái,6,12,9,4,8,5,8,3,7,5,7,2,7,2,5,6,2,2,8,3,3,4,4,3,2,3,0,0,0,0,0,0,0,0,0,0,0,0,0,0,0,0,0,0,0,0,0,0,0,0,0,0,0,0,0,0,0,0,0,0,0,0,0,0,0,0,0,0,0,0,0,0,0,0,0,0,0,0,0,0,0,0,0,0,0,0,0,0,0,0,0,0,0,0,0,0,0,0,0,0,0,0,0,0,0,0,0,0,0,0,0,0,0,0,0,0,0,0,0,0,130
ITEM_0H4H​,Trà Dâu L,1,0,3,0,0,1,1,0,1,2,1,1,0,2,0,0,2,0,1,1,3,3,1,1,2,0,0,0,0,0,0,0,0,0,0,0,0,0,0,0,0,0,0,0,0,0,0,0,0,0,0,0,0,0,0,0,0,0,0,0,0,0,0,0,0,0,0,0,0,0,0,0,0,0,0,0,0,0,0,0,0,0,0,0,0,0,0,0,0,0,0,0,0,0,0,0,0,0,0,0,0,0,0,0,0,0,0,0,0,0,0,0,0,0,0,0,0,0,0,0,27
ITEM-4XM4​,Buffet Topping 0 Đá - Trà Vị Khác,0,0,0,0,0,0,0,0,0,0,0,0,0,0,0,0,0,0,0,0,0,0,0,0,0,0,0,0,0,0,0,0,0,0,0,1,0,2,0,1,0,0,0,0,0,0,0,0,0,0,0,0,0,0,0,0,3,0,0,0,0,0,0,0,0,0,0,0,0,0,5,0,1,0,0,0,0,1,0,0,0,0,0,0,0,0,0,0,0,0,0,0,0,0,0,0,0,0,0,0,0,0,0,0,0,0,0,0,0,0,0,0,0,0,1,1,0,0,1,0,17
ITEM-YSZL​,Trân châu trắng 3Q,11,9,4,4,4,10,3,5,0,4,6,6,6,2,12,4,3,2,2,4,1,1,4,2,4,4,0,0,0,0,0,0,0,0,0,0,0,0,0,0,0,0,0,0,0,0,0,0,0,0,0,0,0,0,0,0,0,0,0,0,0,0,0,0,0,0,0,0,0,0,0,0,0,0,0,0,0,0,0,0,0,0,0,0,0,0,0,0,0,0,0,0,0,0,0,0,0,0,0,0,0,0,0,0,0,0,0,0,0,0,0,0,0,0,0,0,0,0,0,0,117
ITEM_J4KN​,Donut,0,0,0,0,0,0,0,0,0,0,0,0,0,0,0,0,0,0,0,0,0,0,0,0,0,0,0,0,0,0,0,0,0,1,4,3,3,2,2,2,0,2,2,0,3,1,2,4,0,0,0,2,1,0,0,1,2,2,0,1,0,0,0,1,0,1,2,3,0,0,0,0,0,1,1,0,1,1,2,0,0,0,0,0,0,1,0,0,0,0,1,1,0,0,0,0,1,0,0,0,0,0,1,0,0,0,0,0,0,0,0,0,0,0,0,0,0,0,0,0,58
ITEM-RKM9​,Pudding dưa lưới,0,0,0,0,0,0,0,0,0,0,0,0,0,0,0,0,0,0,0,0,0,0,0,0,0,0,0,0,0,0,0,0,0,1,0,3,4,2,0,0,1,3,1,1,4,1,0,4,3,0,4,2,1,1,1,1,0,2,1,1,1,3,1,0,2,0,3,0,0,1,1,2,2,0,4,2,1,0,1,0,0,0,0,0,0,0,0,0,0,5,2,1,0,1,1,1,3,0,2,1,0,0,5,0,0,5,1,0,2,3,1,1,0,2,1,1,2,2,1,0,110
ITEM_G8XF​,Olong sữa Matcha M,2,0,1,0,1,2,1,2,1,0,5,3,0,3,5,1,1,0,1,2,1,1,0,1,1,2,0,0,0,0,0,0,0,0,0,0,0,0,0,0,0,0,0,0,0,0,0,0,0,0,0,0,0,0,0,0,0,0,0,0,0,0,0,0,0,0,0,0,0,0,0,0,0,0,0,0,0,0,0,0,0,0,0,0,0,0,0,0,0,0,0,0,0,0,0,0,0,0,0,0,0,0,0,0,0,0,0,0,0,0,0,0,0,0,0,0,0,0,0,0,37
ITEM-FMFT​,Hoa Lài Đào L,3,0,3,1,1,1,0,2,1,1,1,0,4,0,1,0,0,0,0,1,0,0,3,3,1,1,0,0,0,0,0,0,0,0,0,0,0,0,0,0,0,0,0,0,0,0,0,0,0,0,0,0,0,0,0,0,0,0,0,0,0,0,0,0,0,0,0,0,0,0,0,0,0,0,0,0,0,0,0,0,0,0,0,0,0,0,0,0,0,0,0,0,0,0,0,0,0,0,0,0,0,0,0,0,0,0,0,0,0,0,0,0,0,0,0,0,0,0,0,0,28
ITEM-EC67​,Trà ổi hồng M,0,1,2,0,0,3,7,2,0,0,3,2,0,0,2,3,1,0,1,1,2,1,1,1,0,0,0,0,0,0,0,0,0,0,0,0,0,0,0,0,0,0,0,0,0,0,0,0,0,0,0,0,0,0,0,0,0,0,0,0,0,0,0,0,0,0,0,0,0,0,0,0,0,0,0,0,0,0,0,0,0,0,0,0,0,0,0,0,0,0,0,0,0,0,0,0,0,0,0,0,0,0,0,0,0,0,0,0,0,0,0,0,0,0,0,0,0,0,0,0,33
ITEM_ARCF​,Olong sữa Matcha L,2,0,1,1,1,0,0,2,0,1,0,2,2,0,2,2,2,2,1,4,1,0,2,0,0,0,0,0,0,0,0,0,0,0,0,0,0,0,0,0,0,0,0,0,0,0,0,0,0,0,0,0,0,0,0,0,0,0,0,0,0,0,0,0,0,0,0,0,0,0,0,0,0,0,0,0,0,0,0,0,0,0,0,0,0,0,0,0,0,0,0,0,0,0,0,0,0,0,0,0,0,0,0,0,0,0,0,0,0,0,0,0,0,0,0,0,0,0,0,0,28
ITEM_53N1​,Trà mãng cầu M,1,4,0,0,0,0,1,0,0,1,2,0,2,3,1,2,1,1,0,0,1,1,3,0,0,0,0,0,0,0,0,0,0,0,0,0,0,0,0,0,0,0,0,0,0,0,0,0,0,0,0,0,0,0,0,0,0,0,0,0,0,0,0,0,0,0,0,0,0,0,0,0,0,0,0,0,0,0,0,0,0,0,0,0,0,0,0,0,0,0,0,0,0,0,0,0,0,0,0,0,0,0,0,0,0,0,0,0,0,0,0,0,0,0,0,0,0,0,0,0,24
ITEM-E4ES​,Thạch đào,0,0,0,0,0,0,0,0,0,0,0,0,0,0,0,0,0,0,0,0,0,0,0,0,0,0,0,0,0,0,0,0,0,2,0,0,1,1,2,1,0,0,0,1,0,2,0,0,2,1,3,2,1,0,4,1,1,3,1,0,0,2,1,1,1,3,4,2,0,0,1,0,1,1,0,1,2,0,0,0,1,0,1,0,0,0,0,0,1,0,1,2,2,2,0,1,1,1,1,0,1,0,2,1,2,0,1,0,1,1,3,0,1,2,2,0,3,0,2,0,85
ITEM-V121​,Olong Sữa L,0,2,1,1,3,2,1,1,3,0,2,0,1,0,1,1,0,1,0,1,0,0,3,1,1,1,0,0,0,0,0,0,0,0,0,0,0,0,0,0,0,0,0,0,0,0,0,0,0,0,0,0,0,0,0,0,0,0,0,0,0,0,0,0,0,0,0,0,0,0,0,0,0,0,0,0,0,0,0,0,0,0,0,0,0,0,0,0,0,0,0,0,0,0,0,0,0,0,0,0,0,0,0,0,0,0,0,0,0,0,0,0,0,0,0,0,0,0,0,0,27
ITEM-3MIP​,Olong sữa trân châu olong M,0,2,3,0,1,2,0,0,1,2,1,3,0,1,1,3,1,2,0,0,0,0,0,1,0,1,0,0,0,0,0,0,0,0,0,0,0,0,0,0,0,0,0,0,0,0,0,0,0,0,0,0,0,0,0,0,0,0,0,0,0,0,0,0,0,0,0,0,0,0,0,0,0,0,0,0,0,0,0,0,0,0,0,0,0,0,0,0,0,0,0,0,0,0,0,0,0,0,0,0,0,0,0,0,0,0,0,0,0,0,0,0,0,0,0,0,0,0,0,0,25
ITEM_QLMS​,Donut,3,3,5,2,4,4,0,3,2,3,0,1,3,2,4,1,1,2,4,3,1,0,2,1,3,0,0,0,0,0,0,0,0,0,0,0,0,0,0,0,0,0,0,0,0,0,0,0,0,0,0,0,0,0,0,0,0,0,0,0,0,0,0,0,0,0,0,0,0,0,0,0,0,0,0,0,0,0,0,0,0,0,0,0,0,0,0,0,0,0,0,0,0,0,0,0,0,0,0,0,0,0,0,0,0,0,0,0,0,0,0,0,0,0,0,0,0,0,0,0,57
ITEM-8UT5​,Matcha Tàu hủ,0,0,0,0,0,0,0,0,0,0,0,0,0,0,0,0,0,0,0,0,0,0,0,0,0,0,0,0,0,0,0,0,0,0,0,0,0,0,0,0,0,0,0,0,0,0,0,0,0,0,0,0,0,0,0,0,0,0,0,0,0,0,0,0,0,0,0,0,0,0,0,0,0,0,0,0,0,0,0,0,0,0,0,0,0,0,0,0,0,0,0,0,0,0,0,0,0,0,0,0,0,0,0,0,0,2,0,4,2,0,1,0,1,0,2,2,1,4,1,0,20
ITEM-38NG​,Pudding khoai môn,0,0,0,0,0,0,0,0,0,0,0,0,0,0,0,0,0,0,0,0,0,0,0,0,0,0,0,0,0,0,0,0,0,1,0,2,1,0,2,0,2,1,3,1,0,1,0,1,2,1,2,1,1,0,1,5,1,2,2,0,1,2,1,4,1,1,2,0,2,0,0,0,0,0,0,1,0,2,0,0,1,0,0,0,0,0,0,0,2,2,0,0,1,0,2,2,0,1,2,1,0,1,2,3,0,1,3,4,0,2,2,1,0,1,3,1,1,1,2,0,92
ITEM-G0N0​,TS Khoai môn L,0,5,1,1,0,0,1,0,1,5,2,1,3,0,6,1,4,0,0,2,0,0,1,1,1,0,0,0,0,0,0,0,0,0,0,0,0,0,0,0,0,0,0,0,0,0,0,0,0,0,0,0,0,0,0,0,0,0,0,0,0,0,0,0,0,0,0,0,0,0,0,0,0,0,0,0,0,0,0,0,0,0,0,0,0,0,0,0,0,0,0,0,0,0,0,0,0,0,0,0,0,0,0,0,0,0,0,0,0,0,0,0,0,0,0,0,0,0,0,0,36
ITEM-5IGW​,Coffee Latte Size M,0,0,0,0,0,0,0,0,0,0,0,0,0,0,0,0,0,0,0,0,0,0,0,0,0,0,0,0,0,0,0,0,0,0,0,0,0,0,0,0,0,0,0,0,0,0,0,0,0,0,0,0,0,0,0,0,1,2,0,1,0,0,1,0,0,2,1,0,0,1,1,1,0,0,0,1,0,0,0,0,0,0,0,0,0,0,0,0,0,1,0,0,0,1,0,0,0,0,1,3,2,0,0,1,1,0,0,0,0,0,0,1,1,0,0,0,0,0,0,0,24
ITEM-TPSK​,Hoa Lài vải L,1,1,3,0,1,1,1,0,0,4,1,1,2,1,0,1,0,0,0,4,0,1,0,1,0,1,0,0,0,0,0,0,0,0,0,0,0,0,0,0,0,0,0,0,0,0,0,0,0,0,0,0,0,0,0,0,0,0,0,0,0,0,0,0,0,0,0,0,0,0,0,0,0,0,0,0,0,0,0,0,0,0,0,0,0,0,0,0,0,0,0,0,0,0,0,0,0,0,0,0,0,0,0,0,0,0,0,0,0,0,0,0,0,0,0,0,0,0,0,0,25
ITEM-UZZY​,BQ Sốt Kem Dừa Nướng,0,0,0,0,0,0,0,0,0,0,0,0,0,0,0,0,0,0,0,0,0,0,0,0,0,0,0,0,0,0,0,0,0,0,0,0,1,0,0,1,0,2,0,2,1,0,3,2,0,0,0,0,0,0,0,0,0,0,0,0,0,0,0,0,1,0,1,0,0,0,0,0,0,0,0,0,0,0,0,0,0,0,0,0,0,0,0,0,0,1,0,1,1,1,0,0,0,0,1,0,0,1,0,0,0,0,0,1,0,0,0,0,0,0,0,1,0,1,0,0,23
ITEM-NR9Y​,Hoa Lài Đào M,3,1,3,0,0,0,1,0,2,0,4,0,1,3,0,1,3,1,0,2,2,0,0,0,1,0,0,0,0,0,0,0,0,0,0,0,0,0,0,0,0,0,0,0,0,0,0,0,0,0,0,0,0,0,0,0,0,0,0,0,0,0,0,0,0,0,0,0,0,0,0,0,0,0,0,0,0,0,0,0,0,0,0,0,0,0,0,0,0,0,0,0,0,0,0,0,0,0,0,0,0,0,0,0,0,0,0,0,0,0,0,0,0,0,0,0,0,0,0,0,28
ITEM-S1LD​,Hoa Lài Vải M,1,2,2,1,1,1,1,2,1,1,0,1,0,0,1,0,1,0,1,1,4,0,1,0,3,2,0,0,0,0,1,0,0,0,0,0,0,0,0,0,0,0,0,0,0,0,0,0,0,0,0,0,0,0,0,0,0,0,0,0,0,0,0,0,0,0,0,0,0,0,0,0,0,0,0,0,0,0,0,0,0,0,0,0,0,0,0,0,0,0,0,0,0,0,0,0,0,0,0,0,0,0,0,0,0,0,0,0,0,0,0,0,0,0,0,0,0,0,0,0,29
ITEM-WY1K​,Hoa Lài Dưa Lưới M,1,5,2,0,1,0,1,1,0,0,1,2,1,3,0,0,1,1,0,1,1,0,3,1,2,0,0,0,0,0,0,0,0,0,0,0,0,0,0,0,0,0,0,0,0,0,0,0,0,0,0,0,0,0,0,0,0,0,0,0,0,0,0,0,0,0,0,0,0,0,0,0,0,0,0,0,0,0,0,0,0,0,0,0,0,0,0,0,0,0,0,0,0,0,0,0,0,0,0,0,0,0,0,0,0,0,0,0,0,0,0,0,0,0,0,0,0,0,0,0,28
ITEM-26AD​,Olong sữa trân châu olong L,0,0,4,0,1,0,1,2,1,1,0,1,1,0,0,1,0,0,0,1,0,0,4,0,1,0,0,0,0,0,0,0,0,0,0,0,0,0,0,0,0,0,0,0,0,0,0,0,0,0,0,0,0,0,0,0,0,0,0,0,0,0,0,0,0,0,0,0,0,0,0,0,0,0,0,0,0,0,0,0,0,0,0,0,0,0,0,0,0,0,0,0,0,0,0,0,0,0,0,0,0,0,0,0,0,0,0,0,0,0,0,0,0,0,0,0,0,0,0,0,19
ITEM-4SB1​,TRÀ SỮA GẠO RANG L,0,0,0,0,0,0,0,0,0,0,0,0,0,0,0,0,0,0,0,0,0,0,0,0,0,0,0,0,0,0,0,0,0,0,0,0,0,0,0,0,0,0,0,0,0,0,0,0,0,0,0,0,0,0,0,0,0,0,0,0,0,0,0,0,0,0,0,0,0,0,0,0,0,0,0,0,0,0,0,0,0,0,0,0,0,0,0,0,0,0,0,0,0,0,0,0,0,0,0,0,0,0,0,0,2,3,2,1,2,0,0,0,1,1,1,2,0,2,5,1,23
ITEM-NQD2​,Pudding phô mai,2,8,5,1,3,4,3,3,5,0,6,5,5,4,6,1,1,2,2,5,1,2,3,4,0,1,0,0,0,0,0,0,0,0,0,0,0,0,0,0,0,0,0,0,0,0,0,0,0,0,0,0,0,0,0,0,0,0,0,0,0,0,0,0,0,0,0,0,0,0,0,0,0,0,0,0,0,0,0,0,0,0,0,0,0,0,0,0,0,0,0,0,0,0,0,0,0,0,0,0,0,0,0,0,0,0,0,0,0,0,0,0,0,0,0,0,0,0,0,0,82
ITEM_RSPG​,Trà Dâu M,1,2,4,0,1,2,1,0,1,0,0,1,0,0,0,2,0,0,1,2,0,0,1,1,0,0,0,0,0,0,0,0,0,0,0,0,0,0,0,0,0,0,0,0,0,0,0,0,0,0,0,0,0,0,0,0,0,0,0,0,0,0,0,0,0,0,0,0,0,0,0,0,0,0,0,0,0,0,0,0,0,0,0,0,0,0,0,0,0,0,0,0,0,0,0,0,0,0,0,0,0,0,0,0,0,0,0,0,0,0,0,0,0,0,0,0,0,0,0,0,20
ITEM_52KS​,Jelly cafe phô mai,1,4,5,0,3,4,5,1,2,5,4,3,3,3,9,2,0,1,6,4,3,4,2,2,4,0,0,0,0,0,0,0,0,0,0,0,0,0,0,0,0,0,0,0,0,0,0,0,0,0,0,0,0,0,0,0,0,0,0,0,0,0,0,0,0,0,0,0,0,0,0,0,0,0,0,0,0,0,0,0,0,0,0,0,0,0,0,0,0,0,0,0,0,0,0,0,0,0,0,0,0,0,0,0,0,0,0,0,0,0,0,0,0,0,0,0,0,0,0,0,80
ITEM-WS6B​,Hoa Lài Xí Muội Size L,3,0,2,0,0,1,0,0,1,1,0,2,2,0,0,0,2,1,3,0,1,1,0,0,1,0,0,0,0,0,0,0,0,0,0,0,0,0,0,0,0,0,0,0,0,0,0,0,0,0,0,0,0,0,0,0,0,0,0,0,0,0,0,0,0,0,0,0,0,0,0,0,0,0,0,0,0,0,0,0,0,0,0,0,0,0,0,0,0,0,0,0,0,0,0,0,0,0,0,0,0,0,0,0,0,0,0,0,0,0,0,0,0,0,0,0,0,0,0,0,21
ITEM_2E04​,Khúc bạch tầng,3,4,1,2,4,2,6,1,5,0,1,3,6,3,3,4,2,2,5,2,2,1,3,0,3,2,0,0,0,0,0,0,0,0,0,0,0,0,0,0,0,0,0,0,0,0,0,0,0,0,0,0,0,0,0,0,0,0,0,0,0,0,0,0,0,0,0,0,0,0,0,0,0,0,0,0,0,0,0,0,0,0,0,0,0,0,0,0,0,0,0,0,0,0,0,0,0,0,0,0,0,0,0,0,0,0,0,0,0,0,0,0,0,0,0,0,0,0,0,0,70
ITEM-FC9P​,Sương sáo sợi,8,2,2,3,1,11,1,2,0,5,4,2,9,5,4,3,0,4,3,4,2,3,9,2,0,1,0,0,0,0,0,0,0,0,0,0,0,0,0,0,0,0,0,0,0,0,0,0,0,0,0,0,0,0,0,0,0,0,0,0,0,0,0,0,0,0,0,0,0,0,0,0,0,0,0,0,0,0,0,0,0,0,0,0,0,0,0,0,0,0,0,0,0,0,0,0,0,0,0,0,0,0,0,0,0,0,0,0,0,0,0,0,0,0,0,0,0,0,0,0,90
ITEM-HMJS​,Olong lài sữa M,5,2,1,1,0,1,4,1,1,0,4,0,0,0,1,1,0,0,0,2,0,1,0,0,0,0,0,0,0,0,0,0,0,0,0,0,0,0,0,0,0,0,0,0,0,0,0,0,0,0,0,0,0,0,0,0,0,0,0,0,0,0,0,0,0,0,0,0,0,0,0,0,0,0,0,0,0,0,0,0,0,0,0,0,0,0,0,0,0,0,0,0,0,0,0,0,0,0,0,0,0,0,0,0,0,0,0,0,0,0,0,0,0,0,0,0,0,0,0,0,25
ITEM-NAB6​,Olong lài sữa L,2,3,2,0,0,0,0,1,1,1,1,0,0,1,0,0,0,1,1,0,0,4,2,0,0,0,0,0,0,0,0,0,0,0,0,0,0,0,0,0,0,0,0,0,0,0,0,0,0,0,0,0,0,0,0,0,0,0,0,0,0,0,0,0,0,0,0,0,0,0,0,0,0,0,0,0,0,0,0,0,0,0,0,0,0,0,0,0,0,0,0,0,0,0,0,0,0,0,0,0,0,0,0,0,0,0,0,0,0,0,0,0,0,0,0,0,0,0,0,0,20
ITEM-JUZU​,Konjac Ball,0,0,0,0,0,0,0,0,0,0,0,0,0,0,0,0,0,0,0,0,0,0,0,0,0,0,0,0,0,0,0,0,0,3,0,0,0,0,0,0,1,1,0,1,1,1,2,0,0,1,1,0,0,1,0,1,0,1,1,0,0,0,2,1,0,2,0,0,0,0,2,2,0,0,0,2,1,0,0,0,1,0,1,0,0,0,0,0,0,2,1,1,0,0,0,0,0,1,0,0,1,2,0,0,1,1,0,0,1,2,1,0,1,0,1,0,0,1,3,0,50
ITEM-7SVC​,Sữa tươi trân châu đường đen kem trứng nướng L,1,0,2,1,4,0,1,0,1,0,0,1,2,0,0,0,0,0,0,1,0,0,0,0,0,0,0,0,0,0,0,0,0,0,0,0,0,0,0,0,0,0,0,0,0,0,0,0,0,0,0,0,0,0,0,0,0,0,0,0,0,0,0,0,0,0,0,0,0,0,0,0,0,0,0,0,0,0,0,0,0,0,0,0,0,0,0,0,0,0,0,0,0,0,0,0,0,0,0,0,0,0,0,0,0,0,0,0,0,0,0,0,0,0,0,0,0,0,0,0,14
ITEM-1FPQ​,TS Thái xanh trân châu đường đen L,2,0,1,0,1,0,0,0,1,0,0,0,1,0,2,1,1,2,1,0,0,3,0,0,1,1,0,0,0,0,0,0,0,0,0,0,0,0,0,0,0,0,0,0,0,0,0,0,0,0,0,0,0,0,0,0,0,0,0,0,0,0,0,0,0,0,0,0,0,0,0,0,0,0,0,0,0,0,0,0,0,0,0,0,0,0,0,0,0,0,0,0,0,0,0,0,0,0,0,0,0,0,0,0,0,0,0,0,0,0,0,0,0,0,0,0,0,0,0,0,18
ITEM_QHN3​,Chân mèo sốt chảy,0,2,3,3,7,8,0,0,0,3,6,2,1,0,1,3,3,1,4,1,2,3,0,0,0,0,0,0,0,0,0,0,0,0,0,0,0,0,0,0,0,0,0,0,0,0,0,0,0,0,0,0,0,0,0,0,0,0,0,0,0,0,0,0,0,0,0,0,0,0,0,0,0,0,0,0,0,0,0,0,0,0,0,0,0,0,0,0,0,0,0,0,0,0,0,0,0,0,0,0,0,0,0,0,0,0,0,0,0,0,0,0,0,0,0,0,0,0,0,0,53
ITEM-7IQ5​,TS Socola L,3,2,1,0,2,0,0,0,0,2,2,0,1,1,1,0,0,1,1,2,0,3,2,0,1,0,0,0,0,0,0,0,0,0,0,0,0,0,0,0,0,0,0,0,0,0,0,0,0,0,0,0,0,0,0,0,0,0,0,0,0,0,0,0,0,0,0,0,0,0,0,0,0,0,0,0,0,0,0,0,0,0,0,0,0,0,0,0,0,0,0,0,0,0,0,0,0,0,0,0,0,0,0,0,0,0,0,0,0,0,0,0,0,0,0,0,0,0,0,0,25
ITEM-O3PO​,Trà tắc thạch trái cây M,0,2,1,0,0,0,5,1,0,1,1,0,0,1,1,3,1,1,1,0,0,1,1,0,0,0,0,0,0,0,0,0,0,0,0,0,0,0,0,0,0,0,0,0,0,0,0,0,0,0,0,0,0,0,0,0,0,0,0,0,0,0,0,0,0,0,0,0,0,0,0,0,0,0,0,0,0,0,0,0,0,0,0,0,0,0,0,0,0,0,0,0,0,0,0,0,0,0,0,0,0,0,0,0,0,0,0,0,0,0,0,0,0,0,0,0,0,0,0,0,21
ITEM-1JV2​,Kem trứng nướng,2,1,5,2,0,2,2,2,1,4,3,0,5,0,4,4,1,2,1,4,1,1,13,1,1,1,0,0,0,0,0,0,0,0,0,0,0,0,0,0,0,0,0,0,0,0,0,0,0,0,0,0,0,0,0,0,0,0,0,0,0,0,0,0,0,0,0,0,0,0,0,0,0,0,0,0,0,0,0,0,0,0,0,0,0,0,0,0,0,0,0,0,0,0,0,0,0,0,0,0,0,0,0,0,0,0,0,0,0,0,0,0,0,0,0,0,0,0,0,0,63
ITEM_G0MJ​,Thạch nổ củ năng,4,3,2,0,0,2,3,2,0,0,1,1,3,4,5,1,3,0,2,2,1,2,4,1,3,1,0,0,0,0,0,0,0,0,0,0,0,0,0,0,0,0,0,0,0,0,0,0,0,0,0,0,0,0,0,0,0,0,0,0,0,0,0,0,0,0,0,0,0,0,0,0,0,0,0,0,0,0,0,0,0,0,0,0,0,0,0,0,0,0,0,0,0,0,0,0,0,0,0,0,0,0,0,0,0,0,0,0,0,0,0,0,0,0,0,0,0,0,0,0,50
ITEM-1576​,Trà Sữa Buffet Topping ko đá,2,0,0,0,1,0,0,0,1,0,2,1,0,0,0,0,0,0,0,0,0,0,0,0,0,1,0,0,0,0,0,0,0,0,0,0,0,0,0,0,0,0,0,0,0,0,0,0,0,0,0,0,0,0,0,0,0,0,0,0,0,0,0,0,0,0,0,0,0,0,0,0,0,0,0,0,0,0,0,0,0,0,0,0,0,0,0,0,0,0,0,0,0,0,0,0,0,0,0,0,0,0,0,0,0,0,0,0,0,0,0,0,0,0,0,0,0,0,0,0,8
ITEM_TTQ1​,Trà sữa Espresso Thạch Cà phê,1,0,1,0,2,1,1,0,0,0,0,1,0,0,0,1,1,0,3,0,0,0,0,0,0,0,0,0,0,0,0,0,0,0,0,0,0,0,0,0,0,0,0,0,0,0,0,0,0,0,0,0,0,0,0,0,0,0,0,0,0,0,0,0,0,0,0,0,0,0,0,0,0,0,0,0,0,0,0,0,0,0,0,0,0,0,0,0,0,0,0,0,0,0,0,0,0,0,0,0,0,0,0,0,0,0,0,0,0,0,0,0,0,0,0,0,0,0,0,0,12
ITEM-X60S​,TS Socola M,0,3,1,2,2,0,2,0,0,0,1,0,1,1,0,3,0,1,0,1,2,1,2,0,1,0,0,0,0,0,0,0,0,0,0,0,0,0,0,0,0,0,0,0,0,0,0,0,0,0,0,0,0,0,0,0,0,0,0,0,0,0,0,0,0,0,0,0,0,0,0,0,0,0,0,0,0,0,0,0,0,0,0,0,0,0,0,0,0,0,0,0,0,0,0,0,0,0,0,0,0,0,0,0,0,0,0,0,0,0,0,0,0,0,0,0,0,0,0,0,24
ITEM-4Q88​,Trân châu olong,4,1,2,3,4,1,2,1,3,1,5,1,4,2,4,0,4,2,0,0,1,0,2,1,1,1,0,0,0,0,0,0,0,0,0,0,0,0,0,0,0,0,0,0,0,0,0,0,0,0,0,0,0,0,0,0,0,0,0,0,0,0,0,0,0,0,0,0,0,0,0,0,0,0,0,0,0,0,0,0,0,0,0,0,0,0,0,0,0,0,0,0,0,0,0,0,0,0,0,0,0,0,0,0,0,0,0,0,0,0,0,0,0,0,0,0,0,0,0,0,50
ITEM-E4VX​,Olong Sữa M,0,5,1,1,0,2,1,2,0,0,0,0,0,2,1,1,0,0,1,0,1,0,0,0,0,0,0,0,0,0,0,0,0,0,0,0,0,0,0,0,0,0,0,0,0,0,0,0,0,0,0,0,0,0,0,0,0,0,0,0,0,0,0,0,0,0,0,0,0,0,0,0,0,0,0,0,0,0,0,0,0,0,0,0,0,0,0,0,0,0,0,0,0,0,0,0,0,0,0,0,0,0,0,0,0,0,0,0,0,0,0,0,0,0,0,0,0,0,0,0,18
ITEM_5GGD​,BÁNH FLAN,0,0,0,0,0,0,0,0,0,0,0,0,0,0,0,0,0,0,0,0,0,0,0,0,0,0,0,0,0,0,0,0,0,0,0,0,0,0,0,0,0,0,0,0,0,0,0,0,0,0,0,0,0,0,0,0,0,0,0,0,0,0,0,0,0,0,0,0,0,0,0,0,0,0,0,0,0,0,0,0,0,0,0,0,0,0,0,0,0,0,0,0,0,0,0,0,0,0,0,0,0,0,3,1,2,1,0,2,1,4,2,2,1,5,2,7,3,4,2,2,44
ITEM_GQ6J​,Đồng giá Truyền thống 9k,0,0,0,0,0,9,0,0,0,0,0,0,15,0,0,0,0,0,0,7,0,0,0,0,0,0,0,0,0,0,0,0,0,0,0,0,0,0,0,0,0,0,0,0,0,0,0,0,0,0,0,0,0,0,0,0,0,0,0,0,0,0,0,0,0,0,0,0,0,0,0,0,0,0,0,0,0,0,0,0,0,0,0,0,0,0,0,0,0,0,0,0,0,0,0,0,0,0,0,0,0,0,0,0,0,0,0,0,0,0,0,0,0,0,0,0,0,0,0,0,31
ITEM-MIW0​,VỊ TS THÁI XANH,0,0,0,0,0,0,0,0,0,0,0,0,0,0,0,0,0,0,0,0,0,0,0,0,0,0,0,0,0,0,0,0,0,1,0,0,1,2,0,0,2,0,0,1,0,0,3,0,1,1,1,1,0,2,0,1,2,0,1,0,3,1,0,0,0,0,4,0,0,4,4,0,0,2,3,0,1,1,0,0,2,1,0,0,0,1,0,0,2,1,0,1,1,0,0,1,0,1,2,1,0,0,0,0,1,1,1,1,1,1,0,0,1,1,0,0,0,0,2,1,68
ITEM-S7V4​,Pudding dâu,0,0,0,0,0,0,0,0,0,0,0,0,0,0,0,0,0,0,0,0,0,0,0,0,0,0,0,0,0,0,0,0,0,0,0,0,0,0,0,0,1,0,0,1,1,0,2,0,1,0,3,1,1,1,1,0,1,0,0,0,1,3,1,0,0,0,0,0,0,2,1,0,1,1,0,1,0,0,1,0,0,0,0,0,0,0,0,0,0,4,1,0,1,0,1,1,1,0,0,0,0,0,1,0,0,0,2,0,0,0,0,0,0,2,3,0,0,0,0,0,43
ITEM-DAWB​,TS Khoai môn M,0,4,2,1,0,1,1,0,1,1,1,0,0,2,0,1,5,0,0,0,0,0,2,0,0,2,0,0,0,0,0,0,0,0,0,0,0,0,0,0,0,0,0,0,0,0,0,0,0,0,0,0,0,0,0,0,0,0,0,0,0,0,0,0,0,0,0,0,0,0,0,0,0,0,0,0,0,0,0,0,0,0,0,0,0,0,0,0,0,0,0,0,0,0,0,0,0,0,0,0,0,0,0,0,0,0,0,0,0,0,0,0,0,0,0,0,0,0,0,0,24
ITEM_81OG​,Chai ú Truyền thống,2,3,0,2,0,0,0,0,0,0,0,0,0,0,0,0,0,0,1,0,0,1,0,0,0,0,0,0,0,0,0,0,0,0,0,0,0,0,0,0,0,0,0,0,0,0,0,0,0,0,0,0,0,0,0,0,0,0,0,0,0,0,0,0,0,0,0,0,0,0,0,0,0,0,0,0,0,0,0,0,0,0,0,0,0,0,0,0,0,0,0,0,0,0,0,0,0,0,0,0,0,0,0,0,0,0,0,0,0,0,0,0,0,0,0,0,0,0,0,0,9
ITEM-OG08​,Pudding khoai môn,1,4,3,2,0,3,2,0,4,5,1,1,1,2,3,1,6,2,0,2,0,0,2,0,0,2,0,0,0,0,0,0,0,0,0,0,0,0,0,0,0,0,0,0,0,0,0,0,0,0,0,0,0,0,0,0,0,0,0,0,0,0,0,0,0,0,0,0,0,0,0,0,0,0,0,0,0,0,0,0,0,0,0,0,0,0,0,0,0,0,0,0,0,0,0,0,0,0,0,0,0,0,0,0,0,0,0,0,0,0,0,0,0,0,0,0,0,0,0,0,47
ITEM_FSLZ​,Trân châu mật ong,3,1,3,0,1,7,1,0,1,1,2,2,4,2,3,1,1,0,1,0,2,0,2,0,1,3,0,0,0,0,0,0,0,0,0,0,0,0,0,0,0,0,0,0,0,0,0,0,0,0,0,0,0,0,0,0,0,0,0,0,0,0,0,0,0,0,0,0,0,0,0,0,0,0,0,0,0,0,0,0,0,0,0,0,0,0,0,0,0,0,0,0,0,0,0,0,0,0,0,0,0,0,0,0,0,0,0,0,0,0,0,0,0,0,0,0,0,0,0,0,42
ITEM-9BVI​,Pudding trứng,1,6,1,5,5,2,1,0,2,1,1,2,3,2,2,0,0,3,2,0,0,1,1,2,0,1,0,0,0,0,0,0,0,0,0,0,0,0,0,0,0,0,0,0,0,0,0,0,0,0,0,0,0,0,0,0,0,0,0,0,0,0,0,0,0,0,0,0,0,0,0,0,0,0,0,0,0,0,0,0,0,0,0,0,0,0,0,0,0,0,0,0,0,0,0,0,0,0,0,0,0,0,0,0,0,0,0,0,0,0,0,0,0,0,0,0,0,0,0,0,44
ITEM_P7BN​,Hạt ngọc trai phô mai,1,0,0,4,3,4,4,0,0,0,1,0,4,1,2,1,2,0,2,3,2,0,0,1,0,1,0,0,0,0,0,0,0,0,0,0,0,0,0,0,0,0,0,0,0,0,0,0,0,0,0,0,0,0,0,0,0,0,0,0,0,0,0,0,0,0,0,0,0,0,0,0,0,0,0,0,0,0,0,0,0,0,0,0,0,0,0,0,0,0,0,0,0,0,0,0,0,0,0,0,0,0,0,0,0,0,0,0,0,0,0,0,0,0,0,0,0,0,0,0,36
ITEM-YWLM​,TS Socola trân châu đường đen L,0,2,0,0,0,0,1,0,3,0,0,0,1,1,0,2,0,0,0,0,0,0,1,0,0,0,0,0,0,0,0,0,0,0,0,0,0,0,0,0,0,0,0,0,0,0,0,0,0,0,0,0,0,0,0,0,0,0,0,0,0,0,0,0,0,0,0,0,0,0,0,0,0,0,0,0,0,0,0,0,0,0,0,0,0,0,0,0,0,0,0,0,0,0,0,0,0,0,0,0,0,0,0,0,0,0,0,0,0,0,0,0,0,0,0,0,0,0,0,0,11
ITEM-J4OS​,Trà Thái Đỏ M,0,0,7,2,1,1,1,0,1,0,1,0,0,0,3,1,0,1,0,0,1,2,0,0,0,0,0,0,0,0,0,0,0,0,0,0,0,0,0,0,0,0,0,0,0,0,0,0,0,0,0,0,0,0,0,0,0,0,0,0,0,0,0,0,0,0,0,0,0,0,0,0,0,0,0,0,0,0,0,0,0,0,0,0,0,0,0,0,0,0,0,0,0,0,0,0,0,0,0,0,0,0,0,0,0,0,0,0,0,0,0,0,0,0,0,0,0,0,0,0,22
ITEM-J3SQ​,Chocolate Latte M,0,0,0,0,0,0,0,0,0,0,0,0,0,0,0,0,0,0,0,0,0,0,0,0,0,0,0,0,0,0,0,0,0,0,0,0,0,0,0,0,0,0,0,0,0,0,0,0,0,0,0,0,0,0,0,0,0,0,0,0,0,0,0,0,0,0,0,0,0,0,0,0,0,0,0,0,0,0,0,0,0,0,0,0,0,0,0,0,0,0,0,0,0,0,0,0,0,0,0,0,0,0,0,0,1,0,0,0,0,1,1,1,0,0,1,0,0,3,1,0,9
ITEM-QL8H​,Trà Thái Đỏ L,0,0,3,2,1,2,0,0,0,1,0,0,0,1,0,0,1,0,0,0,1,1,0,0,2,0,0,0,0,0,0,0,0,0,0,0,0,0,0,0,0,0,0,0,0,0,0,0,0,0,0,0,0,0,0,0,0,0,0,0,0,0,0,0,0,0,0,0,0,0,0,0,0,0,0,0,0,0,0,0,0,0,0,0,0,0,0,0,0,0,0,0,0,0,0,0,0,0,0,0,0,0,0,0,0,0,0,0,0,0,0,0,0,0,0,0,0,0,0,0,15
ITEM-X9RO​,TS Socola trân châu đường đen M,0,2,0,0,1,0,4,0,0,0,0,1,0,0,0,0,0,1,1,0,0,1,0,0,0,0,0,0,0,0,0,0,0,0,0,0,0,0,0,0,0,0,0,0,0,0,0,0,0,0,0,0,0,0,0,0,0,0,0,0,0,0,0,0,0,0,0,0,0,0,0,0,0,0,0,0,0,0,0,0,0,0,0,0,0,0,0,0,0,0,0,0,0,0,0,0,0,0,0,0,0,0,0,0,0,0,0,0,0,0,0,0,0,0,0,0,0,0,0,0,11
ITEM-GHR7​,HỒNG TRÀ,0,0,0,0,0,0,0,0,0,0,0,0,0,0,0,0,0,0,0,0,0,0,0,0,0,0,0,0,0,0,0,0,0,0,0,0,0,0,0,0,0,0,0,0,0,0,0,0,0,0,0,0,0,0,0,0,0,0,0,0,0,0,0,0,0,0,0,0,0,0,0,0,0,0,0,0,0,0,0,0,0,0,0,0,0,0,0,0,0,0,0,0,0,0,0,0,0,0,0,0,0,0,0,0,0,0,0,0,0,0,0,1,1,1,3,4,17,0,2,2,31
ITEM-WQ1G​,TS Khoai môn trân châu đường đen L,0,0,0,0,1,0,0,0,0,0,0,2,0,0,0,0,0,3,1,0,0,0,0,1,0,0,0,0,0,0,0,0,0,0,0,0,0,0,0,0,0,0,0,0,0,0,0,0,0,0,0,0,0,0,0,0,0,0,0,0,0,0,0,0,0,0,0,0,0,0,0,0,0,0,0,0,0,0,0,0,0,0,0,0,0,0,0,0,0,0,0,0,0,0,0,0,0,0,0,0,0,0,0,0,0,0,0,0,0,0,0,0,0,0,0,0,0,0,0,0,8
ITEM-ROHO​,Trà tắc thạch trái cây L,0,0,0,1,0,0,0,0,0,0,0,0,0,3,0,1,0,0,0,0,0,0,0,0,1,2,0,0,0,0,0,0,0,0,0,0,0,0,0,0,0,0,0,0,0,0,0,0,0,0,0,0,0,0,0,0,0,0,0,0,0,0,0,0,0,0,0,0,0,0,0,0,0,0,0,0,0,0,0,0,0,0,0,0,0,0,0,0,0,0,0,0,0,0,0,0,0,0,0,0,0,0,0,0,0,0,0,0,0,0,0,0,0,0,0,0,0,0,0,0,8
ITEM-IHLC​,Thạch cà phê,3,5,3,0,2,2,2,0,1,2,2,0,1,0,1,0,0,0,2,0,1,0,0,0,2,1,0,0,0,0,0,0,0,0,0,0,0,0,0,0,0,0,0,0,0,0,0,0,0,0,0,0,0,0,0,0,0,0,0,0,0,0,0,0,0,0,0,0,0,0,0,0,0,0,0,0,0,0,0,0,0,0,0,0,0,0,0,0,0,0,0,0,0,0,0,0,0,0,0,0,0,0,0,0,0,0,0,0,0,0,0,0,0,0,0,0,0,0,0,0,30
ITEM-DLUQ​,Pudding socola,1,1,1,1,2,4,1,0,2,0,0,2,3,2,4,0,0,1,0,1,0,1,1,0,0,1,0,0,0,0,0,0,0,0,0,0,0,0,0,0,0,0,0,0,0,0,0,0,0,0,0,0,0,0,0,0,0,0,0,0,0,0,0,0,0,0,0,0,0,0,0,0,0,0,0,0,0,0,0,0,0,0,0,0,0,0,0,0,0,0,0,0,0,0,0,0,0,0,0,0,0,0,0,0,0,0,0,0,0,0,0,0,0,0,0,0,0,0,0,0,29
ITEM-F7D2​,HỒNG TRÀ TẮC,0,0,0,0,0,0,0,0,0,0,0,0,0,0,0,0,0,0,0,0,0,0,0,0,0,0,0,0,0,0,0,0,0,0,0,0,0,0,0,0,0,0,0,0,0,0,0,0,0,0,0,0,0,0,0,0,0,0,0,0,0,0,0,0,0,0,0,0,0,0,0,0,0,0,0,0,0,0,0,0,0,0,0,0,0,0,0,0,0,0,0,0,0,0,0,0,0,0,0,0,0,0,0,0,0,0,0,0,0,0,0,1,0,1,3,0,5,3,1,2,16
ITEM-215U​,Sữa tươi trân châu đường đen kem trứng nướng M,0,1,0,0,0,0,0,0,0,0,1,0,0,0,0,0,0,2,0,0,0,0,2,0,0,1,0,0,0,0,0,0,0,0,0,0,0,0,0,0,0,0,0,0,0,0,0,0,0,0,0,0,0,0,0,0,0,0,0,0,0,0,0,0,0,0,0,0,0,0,0,0,0,0,0,0,0,0,0,0,0,0,0,0,0,0,0,0,0,0,0,0,0,0,0,0,0,0,0,0,0,0,0,0,0,0,0,0,0,0,0,0,0,0,0,0,0,0,0,0,7
ITEM_JB6V​,Thạch trái cây,2,2,0,0,2,1,0,0,0,0,0,0,1,0,2,3,0,2,1,1,0,1,3,0,3,2,0,0,0,0,0,0,0,0,0,0,0,0,0,0,0,0,0,0,0,0,0,0,0,0,0,0,0,0,0,0,0,0,0,0,0,0,0,0,0,0,0,0,0,0,0,0,0,0,0,0,0,0,0,0,0,0,0,0,0,0,0,0,0,0,0,0,0,0,0,0,0,0,0,0,0,0,0,0,0,0,0,0,0,0,0,0,0,0,0,0,0,0,0,0,26
ITEM-KM3G​,TS Thái xanh trân châu đường đen M,0,0,0,0,0,0,2,0,0,0,0,0,0,0,2,1,0,2,0,1,0,1,0,0,0,0,0,0,0,0,0,0,0,0,0,0,0,0,0,0,0,0,0,0,0,0,0,0,0,0,0,0,0,0,0,0,0,0,0,0,0,0,0,0,0,0,0,0,0,0,0,0,0,0,0,0,0,0,0,0,0,0,0,0,0,0,0,0,0,0,0,0,0,0,0,0,0,0,0,0,0,0,0,0,0,0,0,0,0,0,0,0,0,0,0,0,0,0,0,0,9
ITEM-1XNH​,Phô mai Jerry,0,0,0,0,0,0,0,0,0,2,7,3,1,2,3,1,0,0,2,0,0,2,0,0,0,0,0,0,0,0,0,0,0,0,0,0,0,0,0,0,0,0,0,0,0,0,0,0,0,0,0,0,0,0,0,0,0,0,0,0,0,0,0,0,0,0,0,0,0,0,0,0,0,0,0,0,0,0,0,0,0,0,0,0,0,0,0,0,0,0,0,0,0,0,0,0,0,0,0,0,0,0,0,0,0,0,0,0,0,0,0,0,0,0,0,0,0,0,0,0,23
ITEM-45UE​,VỊ TS SO CÔ LA,0,0,0,0,0,0,0,0,0,0,0,0,0,0,0,0,0,0,0,0,0,0,0,0,0,0,0,0,0,0,0,0,0,1,0,1,1,1,0,1,0,0,0,0,0,0,1,0,0,0,0,0,1,2,0,0,4,0,0,1,1,0,1,0,0,0,0,2,0,0,2,1,1,2,0,1,0,1,0,0,0,0,0,0,1,0,0,0,2,0,0,0,0,0,0,0,1,1,0,0,1,0,0,0,0,0,0,1,0,0,0,0,0,0,1,1,0,1,0,1,37
ITEM-T5YA​,Trà lài dâu size L,0,0,0,0,0,0,0,0,0,0,0,0,0,0,0,0,0,0,0,0,0,0,0,0,0,0,0,0,0,0,4,0,0,0,0,0,0,0,0,0,0,0,0,0,0,0,0,0,0,0,0,0,0,0,0,0,0,0,0,0,0,0,0,0,0,0,0,0,0,0,0,0,0,0,0,0,0,0,0,0,0,0,0,0,0,0,0,0,0,0,0,0,0,0,0,0,0,0,0,0,0,0,0,0,0,0,0,0,0,0,0,0,0,0,0,0,0,0,0,0,4
ITEM-A0OM​,Coffee Latte Size L,0,0,0,0,0,0,0,0,0,0,0,0,0,0,0,0,0,0,0,0,0,0,0,0,0,0,0,0,0,0,0,0,0,0,0,0,0,0,0,0,0,0,0,0,0,0,0,0,0,0,0,0,0,0,0,0,0,0,0,0,0,1,0,0,0,1,0,0,0,0,0,0,0,0,0,0,0,0,0,0,0,0,1,0,0,0,0,0,0,0,1,0,0,0,0,0,0,0,1,0,0,0,0,0,0,0,0,0,0,0,0,0,0,0,0,0,0,0,0,0,5
ITEM-NG8R​,Chocolate Latte L,0,0,0,0,0,0,0,0,0,0,0,0,0,0,0,0,0,0,0,0,0,0,0,0,0,0,0,0,0,0,0,0,0,0,0,0,0,0,0,0,0,0,0,0,0,0,0,0,0,0,0,0,0,0,0,0,0,0,0,0,0,0,0,0,0,0,0,0,0,0,0,0,0,0,0,0,0,0,0,0,0,0,0,0,0,0,0,0,0,0,0,0,0,0,0,0,0,0,0,0,0,0,0,0,0,1,0,1,0,1,0,0,0,0,1,1,1,0,0,0,6
ITEM-PBBC​,TS Truyền thống kem trứng nướng L,0,0,0,0,0,0,0,1,0,0,0,0,0,0,0,0,1,0,1,0,0,1,0,2,0,0,0,0,0,0,0,0,0,0,0,0,0,0,0,0,0,0,0,0,0,0,0,0,0,0,0,0,0,0,0,0,0,0,0,0,0,0,0,0,0,0,0,0,0,0,0,0,0,0,0,0,0,0,0,0,0,0,0,0,0,0,0,0,0,0,0,0,0,0,0,0,0,0,0,0,0,0,0,0,0,0,0,0,0,0,0,0,0,0,0,0,0,0,0,0,6
ITEM-5GIM​,Kem dừa nướng,1,1,3,1,2,0,1,0,0,1,0,0,1,2,2,3,0,0,3,1,0,0,1,1,0,0,0,0,0,0,0,0,0,0,0,0,0,0,0,0,0,0,0,0,0,0,0,0,0,0,0,0,0,0,0,0,0,0,0,0,0,0,0,0,0,0,0,0,0,0,0,0,0,0,0,0,0,0,0,0,0,0,0,0,0,0,0,0,0,0,0,0,0,0,0,0,0,0,0,0,0,0,0,0,0,0,0,0,0,0,0,0,0,0,0,0,0,0,0,0,24
ITEM-YEBW​,Trân châu caramel 3Q,1,0,1,0,1,0,1,0,0,1,0,1,1,0,2,1,2,0,2,4,0,1,1,1,1,0,0,0,0,0,0,0,0,0,0,0,0,0,0,0,0,0,0,0,0,0,0,0,0,0,0,0,0,0,0,0,0,0,0,0,0,0,0,0,0,0,0,0,0,0,0,0,0,0,0,0,0,0,0,0,0,0,0,0,0,0,0,0,0,0,0,0,0,0,0,0,0,0,0,0,0,0,0,0,0,0,0,0,0,0,0,0,0,0,0,0,0,0,0,0,22
ITEM-P331​,TS Truyền thống kem trứng nướng M,0,0,0,0,1,0,1,0,0,0,0,0,0,2,1,0,0,0,1,0,0,1,0,0,0,0,0,0,0,0,0,0,0,0,0,0,0,0,0,0,0,0,0,0,0,0,0,0,0,0,0,0,0,0,0,0,0,0,0,0,0,0,0,0,0,0,0,0,0,0,0,0,0,0,0,0,0,0,0,0,0,0,0,0,0,0,0,0,0,0,0,0,0,0,0,0,0,0,0,0,0,0,0,0,0,0,0,0,0,0,0,0,0,0,0,0,0,0,0,0,7
ITEM_G95J​,Chai ú Matcha,1,0,0,0,0,0,0,0,0,0,0,0,1,0,0,0,0,0,0,0,1,0,0,0,0,0,0,0,0,0,0,0,0,0,0,0,0,0,0,0,0,0,0,0,0,0,0,0,0,0,0,0,0,0,0,0,0,0,0,0,0,0,0,0,0,0,0,0,0,0,0,0,0,0,0,0,0,0,0,0,0,0,0,0,0,0,0,0,0,0,0,0,0,0,0,0,0,0,0,0,0,0,0,0,0,0,0,0,0,0,0,0,0,0,0,0,0,0,0,0,3
ITEM-C130​,VỊ TS OLONG LÀI SỮA,0,0,0,0,0,0,0,0,0,0,0,0,0,0,0,0,0,0,0,0,0,0,0,0,0,0,0,0,0,0,0,0,0,0,0,0,0,1,0,0,1,0,0,0,0,2,1,0,1,0,0,1,1,0,0,0,1,1,0,0,0,0,0,0,0,0,0,0,1,0,0,2,0,1,1,2,0,0,1,0,0,0,0,0,0,0,0,0,0,0,1,1,0,0,0,1,0,1,2,0,0,0,0,0,0,1,0,0,0,1,0,3,0,0,1,0,0,0,1,1,32
ITEM-XBW6​,MATCHA GẠO RANG M,0,0,0,0,0,0,0,0,0,0,0,0,0,0,0,0,0,0,0,0,0,0,0,0,0,0,0,0,0,0,0,0,0,0,0,0,0,0,0,0,0,0,0,0,0,0,0,0,0,0,0,0,0,0,0,0,0,0,0,0,0,0,0,0,0,0,0,0,0,0,0,0,0,0,0,0,0,0,0,0,0,0,0,0,0,0,0,0,0,0,0,0,0,0,0,0,0,0,0,0,0,0,0,0,0,0,0,0,0,0,0,0,0,0,0,0,5,1,0,0,6
ITEM_T67Q​,UP SIZE,0,0,0,0,0,8,0,0,0,0,0,0,10,0,0,0,0,0,0,10,0,0,0,0,0,0,0,0,0,0,0,0,0,0,0,0,0,0,0,0,0,0,0,0,0,0,0,0,0,0,0,0,0,0,0,0,0,0,0,0,0,0,0,0,0,0,0,0,0,0,0,0,0,0,0,0,0,0,0,0,0,0,0,0,0,0,0,0,0,0,0,0,0,0,0,0,0,0,0,0,0,0,0,0,0,0,0,0,0,0,0,0,0,0,0,0,0,0,0,0,28
ITEM_JE18​,Chai ú Socola,0,0,0,0,0,0,0,0,0,0,2,0,0,0,1,1,0,0,0,0,0,0,0,0,0,0,0,0,0,0,0,0,0,0,0,0,0,0,0,0,0,0,0,0,0,0,0,0,0,0,0,0,0,0,0,0,0,0,0,0,0,0,0,0,0,0,0,0,0,0,0,0,0,0,0,0,0,0,0,0,0,0,0,0,0,0,0,0,0,0,0,0,0,0,0,0,0,0,0,0,0,0,0,0,0,0,0,0,0,0,0,0,0,0,0,0,0,0,0,0,4
ITEM-Y7V2​,TS Socola kem trứng nướng L,0,2,0,0,0,0,0,0,0,0,0,0,0,0,0,0,0,0,2,0,0,0,0,1,0,0,0,0,0,0,0,0,0,0,0,0,0,0,0,0,0,0,0,0,0,0,0,0,0,0,0,0,0,0,0,0,0,0,0,0,0,0,0,0,0,0,0,0,0,0,0,0,0,0,0,0,0,0,0,0,0,0,0,0,0,0,0,0,0,0,0,0,0,0,0,0,0,0,0,0,0,0,0,0,0,0,0,0,0,0,0,0,0,0,0,0,0,0,0,0,5
ITEM-4XZN​,Hoa Lài Xí Muội M,0,0,1,0,0,0,0,0,0,0,1,0,0,0,2,0,1,0,0,1,0,0,1,0,0,0,0,0,0,0,0,0,0,0,0,0,0,0,0,0,0,0,0,0,0,0,0,0,0,0,0,0,0,0,0,0,0,0,0,0,0,0,0,0,0,0,0,0,0,0,0,0,0,0,0,0,0,0,0,0,0,0,0,0,0,0,0,0,0,0,0,0,0,0,0,0,0,0,0,0,0,0,0,0,0,0,0,0,0,0,0,0,0,0,0,0,0,0,0,0,7
ITEM_AQPC​,Chai ú Thai xanh,0,0,0,0,0,0,0,0,1,0,0,0,2,0,1,0,0,0,0,0,0,0,0,0,0,0,0,0,0,0,0,0,0,0,0,0,0,0,0,0,0,0,0,0,0,0,0,0,0,0,0,0,0,0,0,0,0,0,0,0,0,0,0,0,0,0,0,0,0,0,0,0,0,0,0,0,0,0,0,0,0,0,0,0,0,0,0,0,0,0,0,0,0,0,0,0,0,0,0,0,0,0,0,0,0,0,0,0,0,0,0,0,0,0,0,0,0,0,0,0,4
ITEM-67AR​,Pudding dưa lưới,0,1,0,0,2,2,1,0,1,0,0,0,1,1,0,0,0,3,0,0,1,2,1,1,0,0,0,0,0,0,0,0,0,0,0,0,0,0,0,0,0,0,0,0,0,0,0,0,0,0,0,0,0,0,0,0,0,0,0,0,0,0,0,0,0,0,0,0,0,0,0,0,0,0,0,0,0,0,0,0,0,0,0,0,0,0,0,0,0,0,0,0,0,0,0,0,0,0,0,0,0,0,0,0,0,0,0,0,0,0,0,0,0,0,0,0,0,0,0,0,17
ITEM-F4ET​,TS Khoai môn trân châu đường đen M,0,0,1,0,1,0,0,0,0,0,0,0,0,2,0,0,0,0,1,0,0,0,0,0,0,1,0,0,0,0,0,0,0,0,0,0,0,0,0,0,0,0,0,0,0,0,0,0,0,0,0,0,0,0,0,0,0,0,0,0,0,0,0,0,0,0,0,0,0,0,0,0,0,0,0,0,0,0,0,0,0,0,0,0,0,0,0,0,0,0,0,0,0,0,0,0,0,0,0,0,0,0,0,0,0,0,0,0,0,0,0,0,0,0,0,0,0,0,0,0,6
ITEM-3BRW​,TÀU HỦ,0,0,0,0,0,0,0,0,0,0,0,0,0,0,0,0,0,0,0,0,0,0,0,0,0,0,0,0,0,0,0,0,0,0,0,0,0,0,0,0,0,0,0,0,0,0,0,0,0,0,0,0,0,0,0,0,0,0,0,0,0,0,0,0,0,0,0,0,0,0,0,0,0,0,0,0,0,0,0,0,0,0,0,0,0,0,0,0,0,0,0,0,0,0,0,0,0,0,0,0,0,0,0,0,1,2,0,4,3,3,0,3,0,0,0,1,0,0,0,0,17
ITEM-90JV​,Đồng giá Thái Xanh 9k,0,0,0,0,0,0,0,0,0,0,0,0,4,0,0,0,0,0,0,5,0,0,0,0,0,0,0,0,0,0,0,0,0,0,0,0,0,0,0,0,0,0,0,0,0,0,0,0,0,0,0,0,0,0,0,0,0,0,0,0,0,0,0,0,0,0,0,0,0,0,0,0,0,0,0,0,0,0,0,0,0,0,0,0,0,0,0,0,0,0,0,0,0,0,0,0,0,0,0,0,0,0,0,0,0,0,0,0,0,0,0,0,0,0,0,0,0,0,0,0,9
ITEM_IDUK​,Bánh que chấm Phô mai mặn,0,0,0,0,0,0,0,0,0,0,0,0,0,0,0,0,0,0,0,2,0,0,0,1,3,1,0,0,0,0,0,0,0,0,0,0,0,0,0,0,0,0,0,0,0,0,0,0,0,0,0,0,0,0,0,0,0,0,0,0,0,0,0,0,0,0,0,0,0,0,0,0,0,0,0,0,0,0,0,0,0,0,0,0,0,0,0,0,0,0,0,0,0,0,0,0,0,0,0,0,0,0,0,0,0,0,0,0,0,0,0,0,0,0,0,0,0,0,0,0,7
ITEM-FVW3​,VỊ MATCHA,0,0,0,0,0,0,0,0,0,0,0,0,0,0,0,0,0,0,0,0,0,0,0,0,0,0,0,0,0,0,0,0,0,0,0,0,0,0,0,0,0,0,0,1,0,0,1,0,0,0,1,0,0,0,1,0,0,0,1,0,0,0,0,0,1,0,0,0,0,0,0,0,0,0,0,0,0,0,0,0,0,0,0,0,0,0,0,0,0,0,0,0,0,0,0,2,0,1,0,2,0,0,0,3,0,0,0,0,0,0,0,0,1,1,0,0,1,0,0,1,18
ITEM-5VDW​,VỊ TS THÁI ĐỎ,0,0,0,0,0,0,0,0,0,0,0,0,0,0,0,0,0,0,0,0,0,0,0,0,0,0,0,0,0,0,0,0,0,0,0,0,0,0,0,0,0,0,0,0,0,1,0,0,0,0,0,0,0,0,0,1,1,0,0,0,0,0,0,0,0,0,3,0,0,0,0,0,0,0,3,0,0,0,0,0,0,0,0,0,0,0,0,0,0,0,0,0,0,0,0,0,0,0,1,0,0,0,0,0,0,0,1,0,0,0,0,0,0,1,1,0,0,0,1,0,14
ITEM_V1R0​,Pudding dâu,0,0,0,1,2,0,1,0,1,0,0,0,1,0,0,0,0,0,1,0,1,2,0,0,0,0,0,0,0,0,0,0,0,0,0,0,0,0,0,0,0,0,0,0,0,0,0,0,0,0,0,0,0,0,0,0,0,0,0,0,0,0,0,0,0,0,0,0,0,0,0,0,0,0,0,0,0,0,0,0,0,0,0,0,0,0,0,0,0,0,0,0,0,0,0,0,0,0,0,0,0,0,0,0,0,0,0,0,0,0,0,0,0,0,0,0,0,0,0,0,10
ITEM-2FOZ​,Trà lài dưa lưới size L,0,0,0,0,0,0,0,0,0,0,0,0,0,0,0,0,0,0,0,0,0,0,0,0,0,0,0,0,0,0,2,0,0,0,0,0,0,0,0,0,0,0,0,0,0,0,0,0,0,0,0,0,0,0,0,0,0,0,0,0,0,0,0,0,0,0,0,0,0,0,0,0,0,0,0,0,0,0,0,0,0,0,0,0,0,0,0,0,0,0,0,0,0,0,0,0,0,0,0,0,0,0,0,0,0,0,0,0,0,0,0,0,0,0,0,0,0,0,0,0,2
ITEM-56MB​,Đồng giá Socola 9k,0,0,0,0,0,3,0,0,0,0,0,0,1,0,0,0,0,0,0,2,0,0,0,0,0,0,0,0,0,0,0,0,0,0,0,0,0,0,0,0,0,0,0,0,0,0,0,0,0,0,0,0,0,0,0,0,0,0,0,0,0,0,0,0,0,0,0,0,0,0,0,0,0,0,0,0,0,0,0,0,0,0,0,0,0,0,0,0,0,0,0,0,0,0,0,0,0,0,0,0,0,0,0,0,0,0,0,0,0,0,0,0,0,0,0,0,0,0,0,0,6
ITEM_O0H4​,CHAI Ú MATCHA,0,0,0,0,0,0,0,0,0,0,0,0,0,0,0,0,0,0,0,0,0,0,0,0,0,0,0,0,0,0,0,0,0,0,0,0,0,0,0,0,0,0,0,0,0,0,0,0,0,0,0,0,0,0,0,0,0,0,0,0,0,0,0,0,0,0,0,0,0,0,0,0,0,0,1,0,0,0,0,0,0,0,0,0,0,0,0,0,0,0,0,0,0,0,0,0,0,0,0,0,0,0,0,0,0,0,0,0,0,0,0,0,0,0,0,0,0,0,0,0,1
ITEM-A8D8​,Sữa tươi cafe sương sáo,0,0,0,0,0,0,0,0,0,0,0,0,0,0,0,0,0,0,0,0,0,0,0,0,0,0,0,0,0,0,0,0,0,0,0,0,0,0,0,0,0,0,0,0,0,0,0,0,0,0,0,0,0,0,0,0,0,0,0,0,0,0,0,0,0,0,0,0,0,0,0,0,0,0,0,0,0,0,0,0,0,0,0,0,0,0,0,0,0,0,0,0,0,0,0,0,0,0,0,0,0,0,0,0,0,0,0,0,0,0,0,0,0,0,0,1,0,0,1,0,2
ITEM-C5YL​,TS Socola kem trứng nướng M,0,0,0,0,2,1,0,0,0,0,0,0,0,0,0,0,0,0,0,0,0,0,0,0,0,0,0,0,0,0,0,0,0,0,0,0,0,0,0,0,0,0,0,0,0,0,0,0,0,0,0,0,0,0,0,0,0,0,0,0,0,0,0,0,0,0,0,0,0,0,0,0,0,0,0,0,0,0,0,0,0,0,0,0,0,0,0,0,0,0,0,0,0,0,0,0,0,0,0,0,0,0,0,0,0,0,0,0,0,0,0,0,0,0,0,0,0,0,0,0,3
ITEM_A9CX​,Konjac Ball,0,0,0,0,0,0,0,0,0,0,0,0,0,0,0,0,0,0,2,1,1,1,1,1,0,0,0,0,0,0,0,0,0,0,0,0,0,0,0,0,0,0,0,0,0,0,0,0,0,0,0,0,0,0,0,0,0,0,0,0,0,0,0,0,0,0,0,0,0,0,0,0,0,0,0,0,0,0,0,0,0,0,0,0,0,0,0,0,0,0,0,0,0,0,0,0,0,0,0,0,0,0,0,0,0,0,0,0,0,0,0,0,0,0,0,0,0,0,0,0,7
ITEM-9GA7​,CÀ PHÊ SỮA,0,0,0,0,0,0,0,0,0,0,0,0,0,0,0,0,0,0,0,0,0,0,0,0,0,0,0,0,0,0,0,0,0,0,0,0,0,0,0,0,0,0,0,0,0,0,0,0,0,0,0,0,0,0,0,0,0,0,0,0,0,0,0,0,0,0,0,0,0,0,0,0,0,0,0,0,0,0,0,0,0,0,0,0,0,0,0,0,0,0,0,0,0,0,0,0,0,0,0,0,0,0,0,0,0,0,0,0,0,0,0,0,0,0,0,1,0,1,0,0,2
ITEM-LE58​,Latte Bạc hà Coffee,0,0,0,0,0,0,0,0,0,0,0,0,0,0,0,0,0,0,0,0,0,0,0,0,0,0,0,0,0,0,0,0,0,0,0,0,0,0,0,0,0,0,0,0,0,0,0,0,0,0,0,0,0,0,0,0,0,0,0,0,0,0,0,0,0,0,0,0,0,0,0,0,0,0,0,0,0,0,0,0,0,0,0,0,0,0,0,0,0,0,0,0,0,0,0,0,0,0,0,0,0,0,0,0,0,0,0,0,0,0,0,0,0,0,0,0,0,0,1,1,2
ITEM-QZ4G​,Sữa tươi cafe,0,0,0,0,0,0,0,0,0,0,0,0,0,0,0,0,0,0,0,0,0,0,0,0,0,0,0,0,0,0,0,0,0,0,0,0,0,0,0,0,0,0,0,0,0,0,0,0,0,0,0,0,0,0,0,0,0,0,0,0,0,0,0,0,0,0,0,0,0,0,0,0,0,0,0,0,0,0,0,0,0,0,0,0,0,0,0,0,0,0,0,0,0,0,0,0,0,0,0,0,0,0,0,0,0,0,0,0,0,0,0,0,0,0,0,1,0,0,1,0,2
ITEM-5J5A​,Combo Trà Dâu Bánh Que,0,0,0,0,0,0,0,0,0,0,0,0,0,0,0,0,0,0,0,0,0,0,0,0,0,0,0,0,0,0,0,0,0,0,0,1,0,0,0,0,0,0,0,0,0,0,0,0,0,0,0,0,0,0,0,0,0,0,0,0,0,0,0,0,0,0,0,0,0,0,0,0,0,0,0,0,0,0,0,0,0,0,0,0,0,0,0,0,0,0,0,0,0,0,0,0,0,0,0,0,0,0,0,0,0,0,0,0,0,0,0,0,0,0,0,0,0,0,0,0,1
ITEM_DI6L​,CHAI Ú TRUYỀN THỐNG,0,0,0,0,0,0,0,0,0,0,0,0,0,0,0,0,0,0,0,0,0,0,0,0,0,0,0,0,0,0,0,0,0,0,0,0,0,0,0,0,0,0,0,0,0,0,0,0,0,0,0,0,0,0,0,0,0,0,0,0,0,0,0,0,0,0,0,0,0,0,0,0,0,0,1,0,0,0,0,0,0,0,0,0,0,0,0,0,0,0,0,0,0,0,0,0,0,0,0,0,0,0,0,0,0,0,0,0,0,0,0,0,0,0,0,0,0,0,0,0,1
ITEM-5LT8​,CÀ PHÊ ĐEN,0,0,0,0,0,0,0,0,0,0,0,0,0,0,0,0,0,0,0,0,0,0,0,0,0,0,0,0,0,0,0,0,0,0,0,0,0,0,0,0,0,0,0,0,0,0,0,0,0,0,0,0,0,0,0,0,0,0,0,0,0,0,0,0,0,0,0,0,0,0,0,0,0,0,0,0,0,0,0,0,0,0,0,0,0,0,0,0,0,0,0,0,0,0,0,0,0,0,0,0,0,0,0,0,0,0,0,0,0,0,0,0,0,0,1,0,0,0,0,1,2
ITEM_F0U9​,Matcha Latte Coffe,0,0,0,0,0,0,0,0,0,0,0,0,0,0,0,0,0,0,0,0,0,0,0,0,0,0,0,0,0,0,0,0,0,0,0,0,0,0,0,0,0,0,0,0,0,0,0,0,0,0,0,0,0,0,0,0,0,0,0,0,0,0,0,0,0,0,0,0,0,0,0,0,0,0,0,0,0,1,0,0,0,0,0,0,0,0,0,0,0,0,0,0,0,0,0,0,0,0,0,0,0,0,0,0,0,0,0,0,0,0,0,0,0,0,0,0,0,0,0,0,1
ITEM-IL60​,Đồng giá Khoai môn 9k,0,0,0,0,0,1,0,0,0,0,0,0,0,0,0,0,0,0,0,2,0,0,0,0,0,0,0,0,0,0,0,0,0,0,0,0,0,0,0,0,0,0,0,0,0,0,0,0,0,0,0,0,0,0,0,0,0,0,0,0,0,0,0,0,0,0,0,0,0,0,0,0,0,0,0,0,0,0,0,0,0,0,0,0,0,0,0,0,0,0,0,0,0,0,0,0,0,0,0,0,0,0,0,0,0,0,0,0,0,0,0,0,0,0,0,0,0,0,0,0,3
ITEM-M6ZF​,Trà lài ổi hồng size L,0,0,0,0,0,0,0,0,0,0,0,0,0,0,0,0,0,0,0,0,0,0,0,0,0,0,0,0,0,0,1,0,0,0,0,0,0,0,0,0,0,0,0,0,0,0,0,0,0,0,0,0,0,0,0,0,0,0,0,0,0,0,0,0,0,0,0,0,0,0,0,0,0,0,0,0,0,0,0,0,0,0,0,0,0,0,0,0,0,0,0,0,0,0,0,0,0,0,0,0,0,0,0,0,0,0,0,0,0,0,0,0,0,0,0,0,0,0,0,0,1
ITEM_DOEK​,Donut sốt chảy,0,0,0,1,0,1,0,0,0,0,0,0,0,0,0,0,0,0,0,0,0,0,0,0,0,0,0,0,0,0,0,0,0,0,0,0,0,0,0,0,0,0,0,0,0,0,0,0,0,0,0,0,0,0,0,0,0,0,0,0,0,0,0,0,0,0,0,0,0,0,0,0,0,0,0,0,0,0,0,0,0,0,0,0,0,0,0,0,0,0,0,0,0,0,0,0,0,0,0,0,0,0,0,0,0,0,0,0,0,0,0,0,0,0,0,0,0,0,0,0,2
ITEM-J8S5​,TÀU HỦ TRÂN CHÂU ĐƯỜNG ĐEN,0,0,0,0,0,0,0,0,0,0,0,0,0,0,0,0,0,0,0,0,0,0,0,0,0,0,0,0,0,0,0,0,0,0,0,0,0,0,0,0,0,0,0,0,0,0,0,0,0,0,0,0,0,0,0,0,0,0,0,0,0,0,0,0,0,0,0,0,0,0,0,0,0,0,0,0,0,0,0,0,0,0,0,0,0,0,0,0,0,0,0,0,0,0,0,0,0,0,0,0,0,0,0,0,0,0,0,0,0,0,2,0,0,0,0,0,0,0,0,0,2
ITEM-LP6F​,MATCHA GẠO RANG L,0,0,0,0,0,0,0,0,0,0,0,0,0,0,0,0,0,0,0,0,0,0,0,0,0,0,0,0,0,0,0,0,0,0,0,0,0,0,0,0,0,0,0,0,0,0,0,0,0,0,0,0,0,0,0,0,0,0,0,0,0,0,0,0,0,0,0,0,0,0,0,0,0,0,0,0,0,0,0,0,0,0,0,0,0,0,0,0,0,0,0,0,0,0,0,0,0,0,0,0,0,0,0,0,0,0,0,0,0,0,0,0,0,0,0,0,0,0,0,1,1
ITEM-TCF3​,Đồng giá Thái Đỏ 9k,0,0,0,0,0,0,0,0,0,0,0,0,2,0,0,0,0,0,0,0,0,0,0,0,0,0,0,0,0,0,0,0,0,0,0,0,0,0,0,0,0,0,0,0,0,0,0,0,0,0,0,0,0,0,0,0,0,0,0,0,0,0,0,0,0,0,0,0,0,0,0,0,0,0,0,0,0,0,0,0,0,0,0,0,0,0,0,0,0,0,0,0,0,0,0,0,0,0,0,0,0,0,0,0,0,0,0,0,0,0,0,0,0,0,0,0,0,0,0,0,2
ITEM-LLFP​,VỊ SOCOLA MINT,0,0,0,0,0,0,0,0,0,0,0,0,0,0,0,0,0,0,0,0,0,0,0,0,0,0,0,0,0,0,0,0,0,0,1,0,0,0,0,0,0,0,0,0,0,0,0,0,0,0,0,0,0,0,0,0,0,0,0,0,0,0,0,0,0,0,0,0,0,0,0,0,0,0,0,0,0,0,0,0,0,0,0,1,0,0,0,0,0,0,0,0,0,0,0,0,0,0,0,0,0,0,0,0,0,0,0,0,0,0,0,0,0,0,0,0,0,0,0,0,2
ITEM-1SPV​,SIZE LY: XL,0,0,0,0,0,0,0,0,0,0,0,0,0,0,0,0,0,0,0,0,0,0,0,0,0,0,0,0,0,0,0,0,0,15,27,28,46,38,52,31,56,70,53,74,70,50,72,84,53,56,57,36,39,66,44,86,52,78,49,71,81,40,71,65,58,65,102,82,25,58,49,30,46,44,60,53,37,42,32,18,33,28,16,44,20,35,34,35,28,41,42,30,39,36,71,36,56,67,75,44,48,48,55,61,81,49,51,61,82,43,48,54,46,46,49,83,71,59,66,44,4466
ITEM-2OE9​,​0 đá,4,7,4,2,0,2,0,2,4,1,3,0,4,1,0,1,1,1,0,3,0,3,0,5,0,2,0,0,0,0,0,0,0,0,0,0,0,0,0,0,0,0,0,0,0,0,0,0,0,0,0,0,0,0,0,0,0,0,0,0,0,0,0,0,0,0,0,0,0,0,0,0,0,0,0,0,0,0,0,0,0,0,0,0,0,0,0,0,0,0,0,0,0,0,0,0,0,0,0,0,0,0,0,0,0,0,0,0,0,0,0,0,0,0,0,0,0,0,0,0,50
ITEM-3231​,SIZE LY: S,0,0,0,0,0,0,0,0,0,0,0,0,0,0,0,0,0,0,0,0,0,0,0,0,0,0,0,0,0,0,0,0,0,0,0,0,0,0,0,0,0,0,0,0,0,0,0,0,0,0,0,0,0,0,0,0,0,0,0,0,0,0,0,0,0,0,0,0,0,0,0,0,0,0,0,0,0,0,0,0,0,0,0,0,0,0,0,0,0,0,0,0,0,0,0,0,0,0,0,0,0,0,0,0,0,0,0,0,0,0,0,0,0,0,0,0,0,1,0,1,2
ITEM-3ES7​,Đá riêng,0,8,9,7,2,3,0,0,2,0,8,5,10,2,1,0,1,0,0,3,0,2,0,0,3,2,0,0,0,0,0,0,0,0,0,0,0,0,0,0,0,0,0,0,0,0,0,0,0,0,0,0,0,0,0,0,0,0,0,0,0,0,0,0,0,0,0,0,0,0,0,0,0,0,0,0,0,0,0,0,0,0,0,0,0,0,0,0,0,0,0,0,0,0,0,0,0,0,0,0,0,0,0,0,0,0,0,0,0,0,0,0,0,0,0,0,0,0,0,0,68
ITEM-4YQW​,50% Đường,0,0,0,0,0,0,0,0,0,0,0,0,0,0,0,0,0,0,0,0,0,0,0,0,0,0,0,0,0,0,0,0,0,8,7,3,11,11,7,8,8,15,8,18,30,14,11,19,16,14,14,5,4,10,9,17,6,9,6,17,9,11,19,11,21,15,15,36,3,11,11,8,7,6,3,13,7,9,8,3,3,1,3,6,2,2,1,4,1,6,7,6,6,4,4,7,9,7,11,4,6,8,10,8,11,10,7,5,7,3,7,7,7,9,6,38,15,5,4,4,802
ITEM-5FZT​,​0% đường,0,1,1,0,0,1,0,1,0,0,1,0,0,0,0,1,0,0,1,0,1,1,1,0,0,0,0,0,0,0,0,0,0,0,0,0,0,0,0,0,0,0,0,0,0,0,0,0,0,0,0,0,0,0,0,0,0,0,0,0,0,0,0,0,0,0,0,0,0,0,0,0,0,0,0,0,0,0,0,0,0,0,0,0,0,0,0,0,0,0,0,0,0,0,0,0,0,0,0,0,0,0,0,0,0,0,0,0,0,0,0,0,0,0,0,0,0,0,0,0,10
ITEM-7RM6​,70% đường,34,38,50,16,21,34,0,18,25,19,23,19,27,19,44,21,12,13,22,24,24,21,30,15,5,11,0,0,0,0,0,0,0,0,0,0,0,0,0,0,0,0,0,0,0,0,0,0,0,0,0,0,0,0,0,0,0,0,0,0,0,0,0,0,0,0,0,0,0,0,0,0,0,0,0,0,0,0,0,0,0,0,0,0,0,0,0,0,0,0,0,0,0,0,0,0,0,0,0,0,0,0,0,0,0,0,0,0,0,0,0,0,0,0,0,0,0,0,0,0,585
ITEM-8WC5​,​0 Đá,0,0,0,0,0,0,0,0,0,0,0,0,0,0,0,0,0,0,0,0,0,0,0,0,0,0,0,0,0,0,0,0,0,1,2,1,3,0,3,0,1,8,3,11,11,9,2,22,0,1,1,2,2,0,0,2,2,1,2,4,0,1,3,1,0,0,6,3,2,2,4,0,0,0,1,3,0,0,2,0,3,0,0,2,5,3,2,4,3,10,9,1,2,0,1,0,5,0,3,1,0,1,10,2,4,0,2,2,5,1,0,1,2,2,9,3,1,8,2,2,233
ITEM-A0IP​,50% đường,3,10,18,1,3,8,0,3,0,3,7,4,4,3,5,11,6,1,8,9,7,3,11,2,7,4,0,0,0,0,0,0,0,0,0,0,0,0,0,0,0,0,0,0,0,0,0,0,0,0,0,0,0,0,0,0,0,0,0,0,0,0,0,0,0,0,0,0,0,0,0,0,0,0,0,0,0,0,0,0,0,0,0,0,0,0,0,0,0,0,0,0,0,0,0,0,0,0,0,0,0,0,0,0,0,0,0,0,0,0,0,0,0,0,0,0,0,0,0,0,141
ITEM-BK7R​,PD SCL + K.MÔN + D.LƯỚI + P.MAI + DÂU + TRỨNG + THẠCH T.THÁI + CHEESEBALL HOẶC PMV + JELLY + CHÂN MÈO,0,0,0,0,0,0,0,0,0,0,0,0,0,0,0,0,0,0,0,0,0,0,0,0,0,0,0,0,0,0,0,0,0,0,0,0,0,0,0,0,0,0,0,0,0,0,0,0,0,0,0,0,0,0,0,0,0,0,0,0,0,0,0,0,0,0,0,0,0,0,0,0,0,0,0,0,0,0,0,0,0,0,0,0,0,0,0,0,0,0,0,0,0,0,0,0,0,0,0,0,0,0,0,0,0,0,0,0,0,0,0,0,4,8,10,13,13,3,12,0,63
ITEM-BYG7​,LY M,0,0,0,0,0,0,0,0,0,0,0,0,1,0,0,2,0,0,0,0,0,0,0,0,0,0,0,0,0,0,0,0,0,0,0,0,0,0,0,0,0,0,0,0,0,0,0,0,0,0,0,0,0,0,0,0,0,0,0,0,0,0,0,0,0,0,0,0,0,0,0,0,0,0,0,0,0,0,0,0,0,0,0,0,0,0,0,0,0,0,0,0,0,0,0,0,0,0,0,0,0,0,0,0,0,0,0,0,0,0,0,0,0,0,0,0,0,0,0,0,3
ITEM-C8G0​,SIZE LY: M,0,0,0,0,0,0,0,0,0,0,0,0,0,0,0,0,0,0,0,0,0,0,0,0,0,0,0,0,0,0,0,0,0,47,30,34,46,32,49,56,38,49,31,29,35,25,37,44,29,59,66,80,56,48,78,39,34,69,59,47,44,56,56,45,47,57,53,42,33,45,48,65,42,22,22,84,44,44,35,16,35,22,36,7,26,29,33,30,19,68,28,15,36,26,34,35,39,16,49,42,58,42,59,75,49,74,70,57,42,65,65,74,43,38,52,46,46,84,43,20,3873
ITEM-HEH0​,LY L,0,0,0,0,0,0,0,0,0,0,0,0,0,0,1,0,0,0,0,0,0,1,0,0,0,0,0,0,0,0,0,0,0,0,0,0,0,0,0,0,0,0,0,0,0,0,0,0,0,0,0,0,0,0,0,0,0,0,0,0,0,0,0,0,0,0,0,0,0,0,0,0,0,0,0,0,0,0,0,0,0,0,0,0,0,0,0,0,0,0,0,0,0,0,0,0,0,0,0,0,0,0,0,0,0,0,0,0,0,0,0,0,0,0,0,0,0,0,0,0,2
ITEM-K7DG​,PD SCL + K.MÔN + D.LƯỚI + P.MAI + DÂU + THẠCH T.THÁI + TC ĐEN + TC GIÒN + CH.BALL HOẶC PMV + JELLY,0,0,0,0,0,0,0,0,0,0,0,0,0,0,0,0,0,0,0,0,0,0,0,0,0,0,0,0,0,0,0,0,0,0,0,0,0,0,0,0,0,0,0,0,0,0,0,0,0,0,0,0,0,0,0,0,0,0,0,0,0,0,0,0,0,0,0,0,0,0,0,0,0,0,0,0,0,0,0,0,0,0,0,0,0,0,0,0,0,0,0,0,0,0,0,0,0,0,0,0,0,0,0,0,0,0,0,0,0,0,0,0,5,11,15,11,15,12,19,0,88
ITEM-O54A​,​0 Đường,0,0,0,0,0,0,0,0,0,0,0,0,0,0,0,0,0,0,0,0,0,0,0,0,0,0,0,0,0,0,0,0,0,2,2,1,5,1,0,3,1,0,2,0,1,0,1,2,0,1,1,0,1,0,3,0,1,2,5,2,2,0,2,3,1,3,1,3,2,0,3,0,2,4,0,2,5,2,1,4,3,1,1,7,3,0,5,1,3,1,1,3,2,0,1,1,0,2,4,0,1,3,1,1,0,1,4,2,2,2,1,1,3,1,3,1,4,0,4,2,153
ITEM-P09V​,Đá Riêng,0,0,0,0,0,0,0,0,0,0,0,0,0,0,0,0,0,0,0,0,0,0,0,0,0,0,0,0,0,0,0,0,0,3,13,7,10,8,26,16,2,31,14,20,20,9,17,16,21,11,16,13,10,15,13,24,19,30,21,27,17,10,22,13,21,14,55,14,9,40,24,8,13,16,12,14,18,12,12,10,5,13,10,6,7,14,11,14,3,15,3,18,22,14,51,12,19,15,37,22,17,16,32,20,33,18,21,31,23,21,19,25,19,16,21,24,46,20,34,34,1587
ITEM-QMEL​,Ít Đá,0,0,0,0,0,0,0,0,0,0,0,0,0,0,0,0,0,0,0,0,0,0,0,0,0,0,0,0,0,0,0,0,0,12,4,6,10,7,15,12,11,20,5,12,18,8,14,29,4,21,20,15,16,23,25,27,15,26,17,16,18,15,18,16,13,28,21,32,5,18,14,26,15,10,10,29,12,12,11,2,5,1,6,8,6,6,9,8,8,23,18,9,17,15,14,15,24,16,23,20,16,17,13,19,14,34,8,24,24,10,15,12,13,17,17,25,25,13,16,5,1321
ITEM-QR6N​,SIZE LY: L,0,0,0,0,0,0,0,0,0,0,0,0,0,0,0,0,0,0,0,0,0,0,0,0,0,0,0,0,0,0,0,0,0,49,61,39,43,37,44,45,101,154,144,172,172,92,133,186,49,54,43,49,39,61,39,93,42,64,47,54,53,42,55,51,48,62,60,47,30,72,44,21,24,28,36,35,42,14,33,22,24,24,45,29,20,24,40,27,35,55,49,23,38,33,41,27,60,51,49,55,40,32,53,58,49,53,37,72,47,44,68,54,30,56,44,41,66,56,73,38,4685
ITEM-TRQF​,70% Đường,0,0,0,0,0,0,0,0,0,0,0,0,0,0,0,0,0,0,0,0,0,0,0,0,0,0,0,0,0,0,0,0,0,35,28,31,34,29,47,38,18,49,28,31,52,28,37,48,36,67,58,48,47,68,60,79,38,69,62,45,72,36,44,53,33,49,67,43,19,54,49,41,26,25,30,43,16,33,36,10,10,16,15,11,11,21,25,14,14,42,30,15,37,29,34,32,32,28,44,51,24,24,43,43,50,60,23,42,40,39,32,40,39,36,34,37,57,43,33,15,3254
ITEM-V8K9​,SIZE LY: 2XL,0,0,0,0,0,0,0,0,0,0,0,0,0,0,0,0,0,0,0,0,0,0,0,0,0,0,0,0,0,0,0,0,0,0,1,0,0,0,0,0,0,0,0,0,0,1,0,0,0,0,1,1,1,0,1,1,1,2,1,1,0,1,3,0,0,1,0,1,0,0,0,0,1,0,0,2,0,1,0,0,0,0,0,1,2,1,0,0,0,0,0,0,2,0,1,0,1,2,1,1,0,1,1,3,0,1,1,2,1,3,3,3,2,1,8,5,6,0,2,2,79
ITEM-YUA4​,LY 2XL,0,1,0,0,0,0,0,0,0,0,0,0,1,0,0,1,0,1,0,0,0,0,0,0,0,0,0,0,0,0,0,0,0,0,0,0,0,0,0,0,0,0,0,0,0,0,0,0,0,0,0,0,0,0,0,0,0,0,0,0,0,0,0,0,0,0,0,0,0,0,0,0,0,0,0,0,0,0,0,0,0,0,0,0,0,0,0,0,0,0,0,0,0,0,0,0,0,0,0,0,0,0,0,0,0,0,0,0,0,0,0,0,0,0,0,0,0,0,0,0,4
Total,,246,272,293,150,202,252,181,126,154,151,238,153,287,165,263,192,116,121,185,208,144,147,235,106,101,98,0,0,0,0,9,0,0,394,420,360,462,381,530,481,565,883,664,808,908,530,741,968,472,587,614,561,502,618,596,781,458,738,573,609,636,512,625,547,535,614,790,609,317,629,499,401,395,343,414,622,417,353,376,184,284,269,347,264,227,306,378,308,275,613,395,250,444,338,521,338,578,441,617,513,478,419,622,649,601,640,517,675,594,547,607,598,453,540,607,660,763,680,681,359,50213